Number,TA_1_ID,TA_2_ID,TA 1 - Q1 Grade,TA 1 - Q2 Grade,TA 1 - Q3 Grade,TA 1 - Total Grade,TA 2 - Q1 Grade,TA 2 - Q2 Grade,TA 2 - Q3 Grade,TA 2 - Total Grade,Average Grade
1,TA_1,TA_2,3.0,0.0,2.0,5.0,7.0,0.0,2.0,9.0,7.0
2,TA_1,TA_2,1.0,0.0,0.0,1.0,1.5,0.0,0.0,1.5,1.25
3,TA_1,TA_2,2.0,0.0,2.0,4.0,2.5,0.0,2.0,4.5,4.25
4,TA_1,TA_2,6.0,9.0,5.0,20.0,4.5,5.5,5.5,15.5,17.75
5,TA_1,TA_2,8.0,0.0,0.0,8.0,9.0,0.0,0.0,9.0,8.5
6,TA_1,TA_2,14.0,0.0,2.0,16.0,15.0,0.0,2.0,17.0,16.5
7,TA_1,TA_2,1.5,0.0,0.0,1.5,5.0,0.0,0.0,5.0,3.25
8,TA_1,TA_2,0.0,0.0,0.0,0.0,0.0,0.0,0.0,0.0,0.0
9,TA_1,TA_2,4.5,1.0,2.5,8.0,2.5,6.0,3.5,12.0,10.0
10,TA_1,TA_2,15.0,16.0,21.0,52.0,21.0,17.0,22.0,60.0,56.0
11,TA_1,TA_2,3.0,9.0,0.0,12.0,4.0,8.0,0.0,12.0,12.0
12,TA_1,TA_2,1.5,3.5,1.5,6.5,-0.5,2.5,3.0,5.0,5.75
13,TA_1,TA_2,8.0,2.25,3.0,13.25,7.5,3.5,3.5,14.5,13.875
14,TA_1,TA_2,6.0,10.0,13.0,29.0,5.0,7.0,12.0,24.0,26.5
15,TA_1,TA_2,8.5,9.0,4.0,21.5,9.5,7.5,3.5,20.5,21.0
16,TA_1,TA_2,2.5,0.0,0.0,2.5,1.0,1.0,0.0,2.0,2.25
17,TA_1,TA_2,4.75,0.0,2.5,7.25,5.5,0.0,2.5,8.0,7.625
18,TA_1,TA_2,1.5,0.0,0.0,1.5,2.0,0.0,0.0,2.0,1.75
19,TA_1,TA_2,11.0,0.0,0.0,11.0,11.5,0.0,0.0,11.5,11.25
20,TA_1,TA_2,1.5,3.5,1.5,6.5,3.0,7.5,3.0,13.5,10.0
21,TA_1,TA_2,2.0,0.0,0.0,2.0,2.0,0.0,0.0,2.0,2.0
22,TA_1,TA_2,0.0,2.0,0.0,2.0,0.0,0.0,0.0,0.0,1.0
23,TA_1,TA_2,6.5,3.0,0.0,9.5,4.0,4.0,0.0,8.0,8.75
24,TA_1,TA_2,15.0,4.0,2.0,21.0,17.5,4.0,2.0,23.5,22.25
25,TA_1,TA_2,0.0,0.0,0.0,0.0,0.0,0.0,0.0,0.0,0.0
26,TA_1,TA_2,6.0,2.0,0.0,8.0,8.0,3.0,0.0,11.0,9.5
27,TA_1,TA_2,0.0,0.0,0.0,0.0,0.0,0.0,0.0,0.0,0.0
28,TA_1,TA_2,0.0,0.0,0.0,0.0,0.0,0.0,0.0,0.0,0.0
29,TA_1,TA_2,6.0,6.5,14.0,26.5,0.0,0.0,0.0,0.0,13.25
30,TA_1,TA_2,4.0,0.0,0.0,4.0,3.5,0.0,0.0,3.5,3.75
31,TA_1,TA_2,1.25,0.0,2.0,3.25,2.0,0.0,2.0,4.0,3.625
32,TA_1,TA_2,8.5,0.0,4.0,12.5,13.5,2.0,5.5,21.0,16.75
33,TA_1,TA_2,10.5,0.0,0.0,10.5,13.5,0.0,0.0,13.5,12.0
34,TA_1,TA_2,3.0,0.0,0.0,3.0,3.0,0.0,0.0,3.0,3.0
35,TA_1,TA_2,1.5,0.0,0.0,1.5,2.0,0.0,0.0,2.0,1.75
36,TA_1,TA_2,1.0,0.0,0.0,1.0,-1.5,0.0,0.0,-1.5,-0.25
37,TA_1,TA_2,0.0,2.0,0.0,2.0,-1.0,1.5,0.0,0.5,1.25
38,TA_1,TA_2,12.0,0.0,6.0,18.0,13.5,0.0,5.5,19.0,18.5
39,TA_1,TA_2,5.0,0.0,0.0,5.0,11.0,0.0,0.0,11.0,8.0
40,TA_1,TA_2,0.0,0.0,0.0,0.0,0.0,0.0,0.0,0.0,0.0
41,TA_1,TA_2,1.5,4.0,3.5,9.0,5.5,4.5,4.5,14.5,11.75
42,TA_1,TA_2,0.0,0.0,0.0,0.0,0.0,0.0,0.0,0.0,0.0
43,TA_1,TA_2,1.0,0.0,0.0,1.0,0.5,0.0,0.0,0.5,0.75
44,TA_3,TA_4,7.0,8.25,3.0,18.25,9.0,8.0,2.0,19.0,18.625
45,TA_3,TA_4,4.0,2.5,5.0,11.5,6.0,2.75,4.5,13.25,12.375
46,TA_3,TA_4,2.0,8.75,2.0,12.75,3.0,7.75,2.0,12.75,12.75
47,TA_3,TA_4,2.0,8.75,4.25,15.0,2.2,7.5,4.0,13.7,14.35
48,TA_3,TA_4,10.0,6.75,4.5,21.25,9.5,6.5,5.0,21.0,21.125
49,TA_3,TA_4,6.0,9.75,5.5,21.25,5.5,9.0,7.0,21.5,21.375
50,TA_3,TA_4,7.5,2.75,0.0,10.25,11.2,3.5,0.0,14.7,12.475
51,TA_3,TA_4,11.0,0.75,0.0,11.75,10.5,3.0,0.0,13.5,12.625
52,TA_3,TA_4,9.0,0.0,4.25,13.25,7.0,0.0,3.0,10.0,11.625
53,TA_3,TA_4,3.0,2.75,2.0,7.75,4.0,4.0,2.0,10.0,8.875
54,TA_3,TA_4,10.5,0.0,0.0,10.5,10.5,0.0,0.0,10.5,10.5
55,TA_3,TA_4,10.0,7.75,10.0,27.75,14.0,7.25,7.0,28.25,28.0
56,TA_3,TA_4,21.0,17.0,20.0,58.0,20.5,17.0,19.25,56.75,57.375
57,TA_3,TA_4,11.0,8.5,8.5,28.0,6.5,9.5,6.25,22.25,25.125
58,TA_3,TA_4,9.5,9.5,4.5,23.5,10.0,9.5,5.0,24.5,24.0
59,TA_3,TA_4,4.0,9.0,8.25,21.25,4.5,11.0,9.0,24.5,22.875
60,TA_3,TA_4,20.0,16.25,21.5,57.75,20.0,15.0,19.75,54.75,56.25
61,TA_3,TA_4,22.0,15.0,22.0,59.0,20.0,16.0,19.5,55.5,57.25
62,TA_3,TA_4,7.0,9.5,7.5,24.0,14.25,9.5,8.0,31.75,27.875
63,TA_3,TA_4,6.5,9.25,7.5,23.25,7.15,9.25,5.0,21.4,22.325
64,TA_3,TA_4,10.5,11.5,5.0,27.0,12.5,10.5,2.0,25.0,26.0
65,TA_3,TA_4,8.5,13.0,2.0,23.5,12.0,12.5,2.0,26.5,25.0
66,TA_3,TA_4,25.0,0.0,0.0,25.0,20.0,0.0,0.0,20.0,22.5
67,TA_3,TA_4,8.5,0.0,8.5,17.0,10.0,0.0,6.5,16.5,16.75
68,TA_3,TA_4,5.5,6.5,4.5,16.5,4.9,6.5,4.5,15.9,16.2
69,TA_3,TA_4,8.5,0.0,2.0,10.5,10.0,0.0,2.0,12.0,11.25
70,TA_3,TA_4,20.0,17.0,18.0,55.0,20.0,17.0,15.0,52.0,53.5
71,TA_3,TA_4,0.0,4.25,0.0,4.25,2.5,4.5,0.0,7.0,5.625
72,TA_3,TA_4,16.5,0.0,5.0,21.5,19.35,0.0,5.5,24.85,23.175
73,TA_3,TA_4,1.5,3.0,1.0,5.5,1.5,3.5,2.5,7.5,6.5
74,TA_3,TA_4,4.0,10.5,3.75,18.25,6.3,10.5,3.0,19.8,19.025
75,TA_3,TA_4,11.0,0.0,4.0,15.0,10.4,0.0,4.0,14.4,14.7
76,TA_3,TA_4,0.0,0.0,0.0,0.0,0.0,0.0,0.0,0.0,0.0
77,TA_3,TA_4,6.0,0.0,0.0,6.0,5.5,0.0,0.0,5.5,5.75
78,TA_3,TA_4,6.0,6.5,0.0,12.5,6.5,5.5,2.0,14.0,13.25
79,TA_3,TA_4,9.5,3.5,8.0,21.0,10.5,3.0,7.25,20.75,20.875
80,TA_3,TA_4,5.0,4.25,4.5,13.75,5.3,5.5,4.0,14.8,14.275
81,TA_3,TA_4,22.0,17.0,16.25,55.25,22.0,17.0,15.75,54.75,55.0
82,TA_3,TA_4,14.0,15.0,17.25,46.25,15.15,15.9,15.55,46.6,46.425
83,TA_3,TA_4,4.0,0.5,6.0,10.5,5.3,1.0,5.5,11.8,11.15
84,TA_3,TA_4,6.0,0.0,0.0,6.0,3.75,0.0,0.0,3.75,4.875
85,TA_3,TA_4,9.5,10.5,3.75,23.75,6.2,10.5,3.0,19.7,21.725
86,TA_3,TA_4,10.0,11.0,6.75,27.75,12.0,10.75,7.5,30.25,29.0
87,TA_3,TA_4,0.5,0.0,2.0,2.5,1.2,0.0,2.0,3.2,2.85
88,TA_3,TA_4,20.0,10.5,5.75,36.25,21.0,8.75,5.5,35.25,35.75
89,TA_5,TA_6,4.0,10.5,9.5,24.0,2.5,10.0,8.75,21.25,22.625
90,TA_5,TA_6,0.5,0.0,0.0,0.5,2.75,0.0,3.5,6.25,3.375
91,TA_5,TA_6,13.0,3.0,2.0,18.0,15.0,3.5,2.0,20.5,19.25
92,TA_5,TA_6,1.0,5.0,1.25,7.25,5.75,6.0,2.5,14.25,10.75
93,TA_5,TA_6,7.0,2.0,2.0,11.0,9.0,2.0,2.0,13.0,12.0
94,TA_5,TA_6,13.5,9.0,0.0,22.5,16.0,7.5,0.0,23.5,23.0
95,TA_5,TA_6,11.0,2.0,5.25,18.25,11.0,2.0,5.5,18.5,18.375
96,TA_5,TA_6,3.0,0.0,3.0,6.0,6.0,0.5,3.0,9.5,7.75
97,TA_5,TA_6,3.25,0.0,0.0,3.25,3.0,0.0,0.0,3.0,3.125
98,TA_5,TA_6,3.0,8.5,4.0,15.5,5.5,9.0,4.25,18.75,17.125
99,TA_5,TA_6,20.0,16.0,17.5,53.5,20.5,16.75,19.25,56.5,55.0
100,TA_5,TA_6,6.0,7.0,5.5,18.5,5.5,6.5,5.5,17.5,18.0
101,TA_5,TA_6,10.0,10.0,16.5,36.5,9.5,10.5,16.5,36.5,36.5
102,TA_5,TA_6,11.0,0.0,15.0,26.0,11.5,0.0,13.75,25.25,25.625
103,TA_5,TA_6,6.0,0.0,4.0,10.0,9.0,0.0,4.75,13.75,11.875
104,TA_5,TA_6,5.0,11.0,8.25,24.25,6.5,10.5,7.25,24.25,24.25
105,TA_5,TA_6,5.0,10.5,2.0,17.5,5.5,9.0,2.25,16.75,17.125
106,TA_5,TA_6,17.0,11.75,10.5,39.25,17.0,11.0,9.5,37.5,38.375
107,TA_5,TA_6,20.5,10.5,0.0,31.0,20.5,8.5,0.0,29.0,30.0
108,TA_5,TA_6,-1.0,5.0,0.0,4.0,1.0,3.5,0.0,4.5,4.25
109,TA_5,TA_6,11.5,11.0,5.0,27.5,6.0,11.0,5.0,22.0,24.75
110,TA_5,TA_6,5.5,10.0,14.0,29.5,6.5,8.5,14.0,29.0,29.25
111,TA_5,TA_6,11.5,11.5,3.75,26.75,14.5,10.0,4.0,28.5,27.625
112,TA_5,TA_6,16.0,11.0,3.75,30.75,16.5,10.0,4.0,30.5,30.625
113,TA_5,TA_6,22.0,17.0,18.5,57.5,22.0,17.0,16.5,55.5,56.5
114,TA_5,TA_6,5.0,12.0,9.0,26.0,7.5,9.5,8.5,25.5,25.75
115,TA_5,TA_6,3.25,7.75,4.0,15.0,3.0,7.0,3.0,13.0,14.0
116,TA_5,TA_6,0.0,0.0,1.5,1.5,0.0,0.0,1.5,1.5,1.5
117,TA_5,TA_6,-0.5,4.25,0.0,3.75,2.5,3.5,1.0,7.0,5.375
118,TA_5,TA_6,2.0,6.75,3.25,12.0,3.5,8.0,4.0,15.5,13.75
119,TA_5,TA_6,26.0,15.0,22.0,63.0,26.0,15.5,22.5,64.0,63.5
120,TA_5,TA_6,0.5,3.5,2.0,6.0,2.0,4.0,2.0,8.0,7.0
121,TA_5,TA_6,3.5,0.0,4.0,7.5,6.5,0.0,5.25,11.75,9.625
122,TA_5,TA_6,7.0,10.75,0.0,17.75,6.0,9.0,0.0,15.0,16.375
123,TA_5,TA_6,0.5,2.0,2.5,5.0,0.0,1.75,2.75,4.5,4.75
124,TA_5,TA_6,10.0,11.0,5.75,26.75,9.0,8.75,5.25,23.0,24.875
125,TA_5,TA_6,8.5,0.0,0.0,8.5,9.0,0.0,0.0,9.0,8.75
126,TA_5,TA_6,5.0,12.0,0.0,17.0,6.0,11.5,0.0,17.5,17.25
127,TA_5,TA_6,12.5,10.5,3.5,26.5,14.0,10.0,4.25,28.25,27.375
128,TA_5,TA_6,8.5,9.5,3.0,21.0,10.0,8.5,3.0,21.5,21.25
129,TA_5,TA_6,21.0,14.0,22.0,57.0,19.5,14.0,21.0,54.5,55.75
130,TA_5,TA_6,9.0,10.5,8.0,27.5,10.0,9.0,2.0,21.0,24.25
131,TA_5,TA_6,6.5,11.0,4.5,22.0,7.0,9.0,4.5,20.5,21.25
132,TA_5,TA_6,9.5,8.0,9.25,26.75,9.0,7.0,10.25,26.25,26.5
133,TA_5,TA_6,8.0,10.5,10.5,29.0,6.0,12.5,12.0,30.5,29.75
134,TA_7,TA_8,13.0,11.75,2.25,27.0,10.5,10.55,2.0,23.05,25.025
135,TA_7,TA_8,25.0,16.0,17.5,58.5,23.0,13.0,16.0,52.0,55.25
136,TA_7,TA_8,7.5,10.0,6.0,23.5,4.75,10.5,5.5,20.75,22.125
137,TA_7,TA_8,12.0,7.25,6.0,25.25,7.5,9.55,5.5,22.55,23.9
138,TA_7,TA_8,18.5,12.5,2.25,33.25,17.75,12.5,2.0,32.25,32.75
139,TA_7,TA_8,6.0,10.5,6.5,23.0,6.65,11.1,11.5,29.25,26.125
140,TA_7,TA_8,22.0,12.5,19.0,53.5,20.25,13.0,19.0,52.25,52.875
141,TA_7,TA_8,17.5,11.0,19.0,47.5,13.5,12.5,19.0,45.0,46.25
142,TA_7,TA_8,16.5,11.5,3.0,31.0,19.0,12.25,4.0,35.25,33.125
143,TA_7,TA_8,17.5,11.5,13.0,42.0,16.0,12.1,16.5,44.6,43.3
144,TA_7,TA_8,9.0,0.0,3.5,12.5,9.5,0.0,3.25,12.75,12.625
145,TA_7,TA_8,5.5,0.0,9.0,14.5,3.5,0.0,7.5,11.0,12.75
146,TA_7,TA_8,3.5,0.0,3.5,7.0,3.0,0.0,4.0,7.0,7.0
147,TA_7,TA_8,9.0,10.0,9.0,28.0,9.25,11.65,10.0,30.9,29.45
148,TA_7,TA_8,11.0,8.5,12.5,32.0,4.8,7.5,13.0,25.3,28.65
149,TA_7,TA_8,8.5,7.25,9.5,25.25,7.75,8.5,11.0,27.25,26.25
150,TA_7,TA_8,10.0,6.5,11.0,27.5,8.5,8.75,13.5,30.75,29.125
151,TA_7,TA_8,4.5,10.5,4.0,19.0,4.75,11.75,3.5,20.0,19.5
152,TA_7,TA_8,12.0,6.5,8.5,27.0,13.5,10.25,8.5,32.25,29.625
153,TA_7,TA_8,19.5,6.5,6.0,32.0,16.5,9.55,6.5,32.55,32.275
154,TA_7,TA_8,26.0,16.0,22.0,64.0,21.0,15.0,21.0,57.0,60.5
155,TA_7,TA_8,0.0,2.0,0.0,2.0,0.0,3.75,0.0,3.75,2.875
156,TA_7,TA_8,5.5,7.75,3.5,16.75,4.5,12.5,4.5,21.5,19.125
157,TA_7,TA_8,19.5,2.5,3.0,25.0,15.0,4.0,3.0,22.0,23.5
158,TA_7,TA_8,0.5,0.5,0.0,1.0,0.0,0.0,4.0,4.0,2.5
159,TA_7,TA_8,8.5,8.5,7.5,24.5,7.5,10.35,12.0,29.85,27.175
160,TA_7,TA_8,10.5,4.5,10.0,25.0,13.5,10.85,10.2,34.55,29.775
161,TA_7,TA_8,2.5,9.0,4.5,16.0,6.75,10.6,5.0,22.35,19.175
162,TA_7,TA_8,14.0,16.0,20.0,50.0,19.75,16.0,22.0,57.75,53.875
163,TA_7,TA_8,13.0,9.5,6.5,29.0,12.4,10.6,7.0,30.0,29.5
164,TA_7,TA_8,14.0,9.5,5.5,29.0,6.75,10.75,7.5,25.0,27.0
165,TA_7,TA_8,19.0,11.0,13.0,43.0,9.5,13.4,14.5,37.4,40.2
166,TA_7,TA_8,8.0,10.0,6.5,24.5,4.15,10.65,5.25,20.05,22.275
167,TA_7,TA_8,5.0,7.5,5.5,18.0,7.0,10.75,6.5,24.25,21.125
168,TA_7,TA_8,26.0,16.0,22.0,64.0,23.0,16.0,20.5,59.5,61.75
169,TA_7,TA_8,2.5,0.0,0.0,2.5,2.0,0.0,0.0,2.0,2.25
170,TA_7,TA_8,10.5,0.0,11.0,21.5,10.5,0.0,12.5,23.0,22.25
171,TA_7,TA_8,6.5,1.5,2.0,10.0,4.5,2.0,1.0,7.5,8.75
172,TA_7,TA_8,8.5,8.5,5.0,22.0,13.5,9.55,5.5,28.55,25.275
173,TA_7,TA_8,5.0,8.5,8.5,22.0,5.5,12.5,8.25,26.25,24.125
174,TA_7,TA_8,9.0,0.0,3.0,12.0,10.0,0.0,2.5,12.5,12.25
175,TA_7,TA_8,16.0,7.5,6.0,29.5,13.0,7.55,7.5,28.05,28.775
176,TA_7,TA_8,20.0,10.5,11.0,41.5,15.5,10.75,13.5,39.75,40.625
177,TA_9,TA_10,14.5,10.0,0.0,24.5,15.0,8.0,0.0,23.0,23.75
178,TA_9,TA_10,11.5,3.0,2.0,16.5,11.5,3.0,3.0,17.5,17.0
179,TA_9,TA_10,1.5,0.0,0.5,2.0,0.0,0.0,0.0,0.0,1.0
180,TA_9,TA_10,9.5,0.0,5.5,15.0,10.0,0.0,4.0,14.0,14.5
181,TA_9,TA_10,8.5,11.0,6.0,25.5,6.0,11.0,4.0,21.0,23.25
182,TA_9,TA_10,21.0,12.5,20.5,54.0,18.5,14.0,17.0,49.5,51.75
183,TA_9,TA_10,18.0,10.5,13.0,41.5,14.0,13.0,12.0,39.0,40.25
184,TA_9,TA_10,21.0,17.0,21.0,59.0,18.0,12.0,18.0,48.0,53.5
185,TA_9,TA_10,23.0,10.5,11.0,44.5,22.0,11.0,8.0,41.0,42.75
186,TA_9,TA_10,11.0,8.0,4.5,23.5,13.0,5.0,8.0,26.0,24.75
187,TA_9,TA_10,20.0,17.0,22.0,59.0,19.0,14.0,19.0,52.0,55.5
188,TA_9,TA_10,2.0,8.0,0.0,10.0,3.0,7.0,0.0,10.0,10.0
189,TA_9,TA_10,19.5,15.5,20.5,55.5,17.0,14.0,17.0,48.0,51.75
190,TA_9,TA_10,19.25,15.5,18.25,53.0,12.0,14.0,6.0,32.0,42.5
191,TA_9,TA_10,10.0,10.5,14.0,34.5,6.0,6.0,7.0,19.0,26.75
192,TA_9,TA_10,13.0,10.5,9.0,32.5,4.0,6.0,4.0,14.0,23.25
193,TA_9,TA_10,7.5,6.5,8.0,22.0,10.0,5.0,6.0,21.0,21.5
194,TA_9,TA_10,7.0,12.0,8.5,27.5,3.0,4.0,4.0,11.0,19.25
195,TA_9,TA_10,5.5,6.0,6.5,18.0,3.5,0.5,4.0,8.0,13.0
196,TA_9,TA_10,25.0,17.0,19.0,61.0,25.0,16.0,19.0,60.0,60.5
197,TA_9,TA_10,6.5,9.5,10.5,26.5,11.0,10.5,6.5,28.0,27.25
198,TA_9,TA_10,10.5,9.5,13.0,33.0,9.0,10.5,9.5,29.0,31.0
199,TA_9,TA_10,8.0,2.5,5.5,16.0,7.5,0.5,4.5,12.5,14.25
200,TA_9,TA_10,9.0,5.5,12.5,27.0,6.0,3.0,11.0,20.0,23.5
201,TA_9,TA_10,12.5,5.5,9.0,27.0,10.0,5.0,8.0,23.0,25.0
202,TA_9,TA_10,12.5,0.0,0.0,12.5,11.0,0.0,0.0,11.0,11.75
203,TA_9,TA_10,11.5,11.0,5.5,28.0,10.0,14.0,5.0,29.0,28.5
204,TA_9,TA_10,10.5,12.5,6.0,29.0,7.5,16.0,5.0,28.5,28.75
205,TA_9,TA_10,13.5,10.0,9.5,33.0,8.0,9.0,6.0,23.0,28.0
206,TA_9,TA_10,15.0,11.5,19.0,45.5,12.5,13.0,18.5,44.0,44.75
207,TA_9,TA_10,0.0,0.0,0.0,0.0,0.0,0.0,0.0,0.0,0.0
208,TA_9,TA_10,11.5,12.5,12.5,36.5,8.5,9.0,14.0,31.5,34.0
209,TA_9,TA_10,20.5,17.0,17.5,55.0,20.0,15.0,15.0,50.0,52.5
210,TA_9,TA_10,17.5,13.5,19.5,50.5,16.0,11.0,17.0,44.0,47.25
211,TA_9,TA_10,14.0,11.0,15.0,40.0,9.0,5.0,13.0,27.0,33.5
212,TA_9,TA_10,5.0,3.0,5.0,13.0,4.0,3.0,4.0,11.0,12.0
213,TA_9,TA_10,17.0,11.5,2.0,30.5,16.0,14.0,2.0,32.0,31.25
214,TA_9,TA_10,17.0,0.0,0.0,17.0,17.0,0.0,0.0,17.0,17.0
215,TA_9,TA_10,19.5,14.0,18.5,52.0,17.0,14.0,18.0,49.0,50.5
216,TA_9,TA_10,15.5,12.5,18.5,46.5,16.0,13.0,19.0,48.0,47.25
217,TA_9,TA_10,19.5,10.0,4.5,34.0,16.0,11.0,2.5,29.5,31.75
218,TA_9,TA_10,12.5,7.0,6.0,25.5,12.0,7.0,4.0,23.0,24.25
219,TA_9,TA_10,23.5,15.0,16.0,54.5,21.0,14.0,17.0,52.0,53.25
220,TA_9,TA_10,23.0,11.0,20.0,54.0,22.0,12.0,18.0,52.0,53.0
221,TA_11,TA_12,10.5,13.5,11.5,35.5,10.0,11.0,7.0,28.0,31.75
222,TA_11,TA_12,12.5,11.75,12.5,36.75,16.0,10.0,12.0,38.0,37.375
223,TA_11,TA_12,13.0,11.75,11.0,35.75,13.0,8.0,10.0,31.0,33.375
224,TA_11,TA_12,13.5,0.0,10.0,23.5,6.0,0.0,10.0,16.0,19.75
225,TA_11,TA_12,10.5,5.0,8.75,24.25,3.0,4.0,8.0,15.0,19.625
226,TA_11,TA_12,8.75,10.25,9.5,28.5,3.0,8.0,9.0,20.0,24.25
227,TA_11,TA_12,10.0,9.25,0.0,19.25,10.0,10.0,0.0,20.0,19.625
228,TA_11,TA_12,11.5,7.5,9.75,28.75,11.0,8.0,12.0,31.0,29.875
229,TA_11,TA_12,13.5,9.5,11.5,34.5,7.0,0.0,6.0,13.0,23.75
230,TA_11,TA_12,13.0,12.5,9.0,34.5,8.0,0.0,4.0,12.0,23.25
231,TA_11,TA_12,16.0,10.25,12.5,38.75,16.0,11.0,13.5,40.5,39.625
232,TA_11,TA_12,11.0,10.5,9.0,30.5,11.0,11.0,6.0,28.0,29.25
233,TA_11,TA_12,12.0,0.0,10.0,22.0,9.0,0.0,9.0,18.0,20.0
234,TA_11,TA_12,9.5,9.0,5.5,24.0,4.0,0.0,5.0,9.0,16.5
235,TA_11,TA_12,24.5,12.0,18.5,55.0,22.0,8.0,20.0,50.0,52.5
236,TA_11,TA_12,10.5,11.25,15.0,36.75,9.5,10.0,16.0,35.5,36.125
237,TA_11,TA_12,6.25,10.0,0.0,16.25,6.0,8.0,0.0,14.0,15.125
238,TA_11,TA_12,18.0,16.0,14.5,48.5,9.5,17.0,8.0,34.5,41.5
239,TA_11,TA_12,4.0,12.5,9.0,25.5,3.0,8.0,7.0,18.0,21.75
240,TA_11,TA_12,15.5,8.75,18.5,42.75,15.0,0.0,15.0,30.0,36.375
241,TA_11,TA_12,16.5,8.5,10.0,35.0,7.0,2.0,5.0,14.0,24.5
242,TA_11,TA_12,15.0,12.5,16.0,43.5,13.0,11.0,17.5,41.5,42.5
243,TA_11,TA_12,7.0,11.25,11.5,29.75,7.0,10.0,9.0,26.0,27.875
244,TA_11,TA_12,19.0,13.0,14.0,46.0,19.0,13.0,12.0,44.0,45.0
245,TA_11,TA_12,11.0,11.25,12.5,34.75,6.5,8.0,7.0,21.5,28.125
246,TA_11,TA_12,9.0,11.25,9.0,29.25,7.0,10.0,9.0,26.0,27.625
247,TA_11,TA_12,13.0,10.0,10.0,33.0,10.0,10.0,6.0,26.0,29.5
248,TA_11,TA_12,6.0,0.0,3.5,9.5,5.0,0.0,3.0,8.0,8.75
249,TA_11,TA_12,8.25,0.0,6.0,14.25,8.0,0.0,5.0,13.0,13.625
250,TA_11,TA_12,2.0,5.75,7.0,14.75,2.0,0.0,4.0,6.0,10.375
251,TA_11,TA_12,8.0,9.5,7.0,24.5,0.0,0.0,2.0,2.0,13.25
252,TA_11,TA_12,6.25,0.0,2.5,8.75,9.0,0.0,2.0,11.0,9.875
253,TA_11,TA_12,8.0,6.0,6.0,20.0,2.0,0.0,5.0,7.0,13.5
254,TA_11,TA_12,6.0,8.5,8.0,22.5,3.0,0.0,10.0,13.0,17.75
255,TA_11,TA_12,9.0,9.25,9.0,27.25,9.0,9.0,9.0,27.0,27.125
256,TA_11,TA_12,2.5,4.0,4.5,11.0,3.0,0.0,2.0,5.0,8.0
257,TA_11,TA_12,0.0,0.5,0.0,0.5,0.0,0.0,0.0,0.0,0.25
258,TA_11,TA_12,10.5,12.0,0.0,22.5,3.0,4.0,0.0,7.0,14.75
259,TA_11,TA_12,8.5,8.75,8.0,25.25,4.0,0.0,5.0,9.0,17.125
260,TA_11,TA_12,12.0,0.0,10.0,22.0,9.0,0.0,8.0,17.0,19.5
261,TA_11,TA_12,12.0,9.75,10.0,31.75,7.0,9.0,8.0,24.0,27.875
262,TA_11,TA_12,9.0,11.0,7.0,27.0,7.0,14.0,3.0,24.0,25.5
263,TA_11,TA_12,11.5,4.0,6.5,22.0,6.0,4.0,5.0,15.0,18.5
264,TA_11,TA_12,20.0,17.0,22.0,59.0,19.0,17.0,21.0,57.0,58.0
265,TA_11,TA_12,11.0,11.0,14.0,36.0,9.0,8.0,15.0,32.0,34.0
266,TA_11,TA_12,22.0,17.0,21.0,60.0,26.0,17.0,21.0,64.0,62.0
267,TA_11,TA_12,21.0,11.25,18.0,50.25,21.0,12.0,14.0,47.0,48.625
268,TA_11,TA_12,17.0,13.5,20.0,50.5,16.0,13.0,17.0,46.0,48.25
269,TA_13,TA_14,10.0,0.0,0.0,10.0,28.0,0.0,0.0,28.0,19.0
270,TA_13,TA_14,10.0,7.0,5.0,22.0,21.0,13.0,5.0,39.0,30.5
271,TA_13,TA_14,10.0,7.0,0.0,17.0,11.5,11.5,2.5,25.5,21.25
272,TA_13,TA_14,23.0,8.0,23.0,54.0,22.0,14.5,22.0,58.5,56.25
273,TA_13,TA_14,20.0,16.0,0.0,36.0,12.5,17.0,10.5,40.0,38.0
274,TA_13,TA_14,17.0,14.0,23.0,54.0,18.5,17.0,22.0,57.5,55.75
275,TA_13,TA_14,15.0,9.0,20.0,44.0,14.0,13.0,19.5,46.5,45.25
276,TA_13,TA_14,23.0,16.0,0.0,39.0,24.5,16.0,0.0,40.5,39.75
277,TA_13,TA_14,23.0,10.0,8.0,41.0,21.0,10.5,10.0,41.5,41.25
278,TA_13,TA_14,25.0,14.0,22.0,61.0,24.0,17.0,19.0,60.0,60.5
279,TA_13,TA_14,12.0,0.0,12.0,24.0,10.5,7.5,5.0,23.0,23.5
280,TA_13,TA_14,15.0,7.0,5.0,27.0,14.5,8.5,3.0,26.0,26.5
281,TA_13,TA_14,10.0,5.0,10.0,25.0,11.5,7.0,5.0,23.5,24.25
282,TA_13,TA_14,13.0,7.0,15.0,35.0,12.5,4.0,17.0,33.5,34.25
283,TA_13,TA_14,25.0,16.0,23.0,64.0,23.0,17.0,22.0,62.0,63.0
284,TA_13,TA_14,22.0,13.0,8.0,43.0,16.5,17.0,7.0,40.5,41.75
285,TA_13,TA_14,20.0,0.0,0.0,20.0,10.5,0.0,6.5,17.0,18.5
286,TA_13,TA_14,8.0,5.0,10.0,23.0,8.5,8.5,2.0,19.0,21.0
287,TA_13,TA_14,23.0,16.0,16.0,55.0,15.0,17.0,19.0,51.0,53.0
288,TA_13,TA_14,20.0,10.0,7.0,37.0,15.0,11.5,5.5,32.0,34.5
289,TA_13,TA_14,12.0,0.0,0.0,12.0,5.0,1.0,1.0,7.0,9.5
290,TA_13,TA_14,22.0,16.0,23.0,61.0,19.5,17.0,19.0,55.5,58.25
291,TA_13,TA_14,23.0,8.0,0.0,31.0,18.0,7.5,0.0,25.5,28.25
292,TA_13,TA_14,14.0,12.0,23.0,49.0,14.5,13.0,15.5,43.0,46.0
293,TA_13,TA_14,15.0,5.0,7.0,27.0,9.5,7.0,4.0,20.5,23.75
294,TA_13,TA_14,15.0,0.0,20.0,35.0,7.0,7.0,14.0,28.0,31.5
295,TA_13,TA_14,20.0,8.0,23.0,51.0,16.0,9.5,18.5,44.0,47.5
296,TA_13,TA_14,25.0,16.0,22.0,63.0,20.0,14.0,22.0,56.0,59.5
297,TA_13,TA_14,22.0,16.0,15.0,53.0,21.0,14.0,10.5,45.5,49.25
298,TA_13,TA_14,15.0,12.0,17.0,44.0,17.0,11.0,6.5,34.5,39.25
299,TA_13,TA_14,20.0,10.0,8.0,38.0,10.0,9.0,9.5,28.5,33.25
300,TA_13,TA_14,10.0,0.0,10.0,20.0,3.0,5.0,2.0,10.0,15.0
301,TA_13,TA_14,10.0,8.0,15.0,33.0,15.0,2.0,4.5,21.5,27.25
302,TA_13,TA_14,7.0,8.0,12.0,27.0,4.5,5.0,5.5,15.0,21.0
303,TA_13,TA_14,23.0,16.0,15.0,54.0,21.0,5.5,12.0,38.5,46.25
304,TA_13,TA_14,15.0,8.0,12.0,35.0,10.0,0.0,8.0,18.0,26.5
305,TA_13,TA_14,16.0,5.0,8.0,29.0,7.5,0.0,4.0,11.5,20.25
306,TA_13,TA_14,15.0,10.0,10.0,35.0,7.5,9.0,0.0,16.5,25.75
307,TA_13,TA_14,7.0,12.0,8.0,27.0,3.0,0.0,0.0,3.0,15.0
308,TA_13,TA_14,19.0,6.0,16.0,41.0,6.0,0.0,5.0,11.0,26.0
309,TA_13,TA_14,15.0,16.0,16.0,47.0,8.0,3.0,4.0,15.0,31.0
310,TA_13,TA_14,23.0,12.0,10.0,45.0,4.0,0.0,0.0,4.0,24.5
311,TA_15,TA_16,18.0,9.5,5.0,32.5,14.0,6.25,4.0,24.25,28.375
312,TA_15,TA_16,10.5,13.5,7.0,31.0,0.0,6.5,6.25,12.75,21.875
313,TA_15,TA_16,17.5,13.0,13.5,44.0,15.5,14.0,16.5,46.0,45.0
314,TA_15,TA_16,17.5,13.0,6.0,36.5,12.0,9.5,7.0,28.5,32.5
315,TA_15,TA_16,19.5,10.5,17.0,47.0,13.5,7.0,18.5,39.0,43.0
316,TA_15,TA_16,17.5,13.0,7.0,37.5,16.0,12.5,6.0,34.5,36.0
317,TA_15,TA_16,14.0,5.0,10.0,29.0,9.0,0.0,18.0,27.0,28.0
318,TA_15,TA_16,22.0,11.0,18.5,51.5,21.5,8.75,18.0,48.25,49.875
319,TA_15,TA_16,6.5,0.0,9.0,15.5,12.0,3.0,12.5,27.5,21.5
320,TA_15,TA_16,11.5,12.0,9.5,33.0,20.5,0.0,13.0,33.5,33.25
321,TA_15,TA_16,19.5,11.0,9.5,40.0,16.5,9.0,11.5,37.0,38.5
322,TA_15,TA_16,19.0,13.0,11.0,43.0,15.0,14.0,13.25,42.25,42.625
323,TA_15,TA_16,22.5,17.0,21.5,61.0,23.0,15.5,21.0,59.5,60.25
324,TA_15,TA_16,15.0,12.0,11.5,38.5,12.0,9.0,12.5,33.5,36.0
325,TA_15,TA_16,13.5,17.0,19.5,50.0,22.5,16.0,21.5,60.0,55.0
326,TA_15,TA_16,6.5,1.0,3.0,10.5,15.5,3.0,4.0,22.5,16.5
327,TA_15,TA_16,8.0,9.5,7.5,25.0,7.0,2.0,16.5,25.5,25.25
328,TA_15,TA_16,11.0,8.0,9.5,28.5,9.75,8.5,5.0,23.25,25.875
329,TA_15,TA_16,8.5,10.5,0.0,19.0,8.0,8.0,0.0,16.0,17.5
330,TA_15,TA_16,19.0,11.5,6.5,37.0,21.5,4.0,6.0,31.5,34.25
331,TA_15,TA_16,23.0,12.0,13.0,48.0,22.0,6.0,0.0,28.0,38.0
332,TA_15,TA_16,13.5,11.5,7.5,32.5,11.0,8.5,17.0,36.5,34.5
333,TA_15,TA_16,14.0,10.5,2.0,26.5,21.0,9.0,2.0,32.0,29.25
334,TA_15,TA_16,15.5,12.5,6.0,34.0,19.0,10.0,4.0,33.0,33.5
335,TA_15,TA_16,7.5,0.0,3.0,10.5,12.5,1.0,4.0,17.5,14.0
336,TA_15,TA_16,18.5,12.5,13.0,44.0,22.75,10.5,11.25,44.5,44.25
337,TA_15,TA_16,12.5,0.0,11.0,23.5,14.0,1.0,7.0,22.0,22.75
338,TA_15,TA_16,17.5,12.0,8.5,38.0,12.5,9.0,3.0,24.5,31.25
339,TA_15,TA_16,9.0,9.0,0.0,18.0,12.25,4.5,0.0,16.75,17.375
340,TA_15,TA_16,10.0,0.5,6.0,16.5,15.5,4.0,7.0,26.5,21.5
341,TA_15,TA_16,14.5,11.5,4.5,30.5,15.0,8.0,5.0,28.0,29.25
342,TA_15,TA_16,10.0,10.5,4.5,25.0,12.0,6.5,6.0,24.5,24.75
343,TA_15,TA_16,17.0,9.5,11.5,38.0,20.5,9.0,0.0,29.5,33.75
344,TA_15,TA_16,12.0,7.5,5.0,24.5,11.0,5.0,4.5,20.5,22.5
345,TA_15,TA_16,12.0,5.5,5.0,22.5,10.0,5.0,5.0,20.0,21.25
346,TA_15,TA_16,7.0,6.0,7.5,20.5,16.0,10.0,13.5,39.5,30.0
347,TA_15,TA_16,16.0,10.5,4.5,31.0,14.0,9.5,5.0,28.5,29.75
348,TA_15,TA_16,24.0,12.0,19.0,55.0,18.0,9.0,18.0,45.0,50.0
349,TA_15,TA_16,13.0,11.0,7.5,31.5,14.5,7.25,12.5,34.25,32.875
350,TA_15,TA_16,13.5,7.0,6.5,27.0,18.5,9.5,9.0,37.0,32.0
351,TA_15,TA_16,20.0,17.0,17.5,54.5,17.0,16.5,17.5,51.0,52.75
352,TA_15,TA_16,14.5,10.0,2.0,26.5,13.0,4.0,6.0,23.0,24.75
353,TA_15,TA_16,21.5,15.5,15.0,52.0,19.5,16.0,13.5,49.0,50.5
354,TA_15,TA_16,18.5,11.5,9.0,39.0,10.5,11.5,10.5,32.5,35.75
355,TA_15,TA_16,12.5,11.5,0.0,24.0,9.0,9.0,0.0,18.0,21.0
356,TA_15,TA_16,8.0,9.5,7.5,25.0,10.5,9.5,0.0,20.0,22.5
357,TA_17,TA_18,19.0,10.5,12.0,41.5,21.3,11.3,11.0,43.6,42.55
358,TA_17,TA_18,6.0,11.5,2.0,19.5,14.3,11.8,2.0,28.1,23.8
359,TA_17,TA_18,11.5,13.0,11.0,35.5,12.7,13.3,12.5,38.5,37.0
360,TA_17,TA_18,10.0,7.5,4.25,21.75,12.9,9.2,5.0,27.1,24.425
361,TA_17,TA_18,3.0,11.0,5.5,19.5,4.2,12.3,5.1,21.6,20.55
362,TA_17,TA_18,12.0,11.0,0.0,23.0,11.5,10.5,0.0,22.0,22.5
363,TA_17,TA_18,5.0,10.0,0.0,15.0,12.0,10.3,0.0,22.3,18.65
364,TA_17,TA_18,1.0,7.0,4.0,12.0,3.2,5.3,5.4,13.9,12.95
365,TA_17,TA_18,13.0,12.25,6.25,31.5,19.0,10.8,5.6,35.4,33.45
366,TA_17,TA_18,8.0,9.0,3.0,20.0,10.0,9.6,2.3,21.900000000000002,20.950000000000003
367,TA_17,TA_18,13.5,12.5,18.0,44.0,15.0,12.0,12.5,39.5,41.75
368,TA_17,TA_18,10.0,12.0,11.5,33.5,8.5,13.3,4.3,26.1,29.8
369,TA_17,TA_18,3.0,5.5,10.0,18.5,5.0,7.5,10.0,22.5,20.5
370,TA_17,TA_18,8.0,10.5,10.0,28.5,8.6,9.9,6.8,25.3,26.9
371,TA_17,TA_18,15.0,0.0,14.0,29.0,15.5,0.0,16.0,31.5,30.25
372,TA_17,TA_18,9.5,0.0,9.0,18.5,10.0,0.0,8.0,18.0,18.25
373,TA_17,TA_18,13.5,0.0,10.5,24.0,11.5,0.0,9.8,21.3,22.65
374,TA_17,TA_18,11.0,9.5,9.0,29.5,13.5,10.5,10.0,34.0,31.75
375,TA_17,TA_18,10.0,10.0,9.0,29.0,13.0,11.3,10.0,34.3,31.65
376,TA_17,TA_18,1.5,7.0,6.0,14.5,5.2,8.1,6.0,19.3,16.9
377,TA_17,TA_18,16.0,10.0,0.0,26.0,17.0,7.3,0.0,24.3,25.15
378,TA_17,TA_18,0.0,6.5,2.0,8.5,4.0,9.1,2.0,15.1,11.8
379,TA_17,TA_18,14.0,0.0,0.0,14.0,14.0,0.0,0.0,14.0,14.0
380,TA_17,TA_18,4.0,0.0,1.5,5.5,4.0,0.0,2.0,6.0,5.75
381,TA_17,TA_18,7.0,6.0,3.5,16.5,7.0,8.3,3.4,18.7,17.6
382,TA_17,TA_18,5.5,8.5,8.0,22.0,6.0,11.8,5.5,23.3,22.65
383,TA_17,TA_18,18.0,13.5,11.5,43.0,19.0,16.0,0.0,35.0,39.0
384,TA_17,TA_18,11.5,12.5,7.0,31.0,12.6,13.5,8.0,34.1,32.55
385,TA_17,TA_18,11.0,14.0,14.5,39.5,12.0,14.0,10.8,36.8,38.15
386,TA_17,TA_18,11.0,2.5,10.0,23.5,14.0,3.0,5.8,22.8,23.15
387,TA_17,TA_18,13.0,14.5,10.0,37.5,14.2,15.0,7.5,36.7,37.1
388,TA_17,TA_18,4.5,4.5,5.0,14.0,7.8,4.8,3.3,15.899999999999999,14.95
389,TA_17,TA_18,4.0,8.0,9.0,21.0,6.5,0.0,7.5,14.0,17.5
390,TA_17,TA_18,11.5,10.0,2.0,23.5,10.5,9.7,2.0,22.2,22.85
391,TA_17,TA_18,11.0,9.5,4.5,25.0,14.0,11.8,5.5,31.3,28.15
392,TA_17,TA_18,10.5,12.0,9.5,32.0,12.7,13.0,6.3,32.0,32.0
393,TA_17,TA_18,6.5,0.0,8.5,15.0,7.0,0.0,5.5,12.5,13.75
394,TA_17,TA_18,10.0,7.0,2.0,19.0,10.5,8.8,2.0,21.3,20.15
395,TA_17,TA_18,8.0,11.0,4.0,23.0,7.5,11.5,4.5,23.5,23.25
396,TA_17,TA_18,8.5,9.0,2.0,19.5,11.7,12.0,2.2,25.9,22.7
397,TA_17,TA_18,9.0,8.0,10.0,27.0,9.3,7.6,8.2,25.099999999999998,26.049999999999997
398,TA_17,TA_18,8.0,7.5,4.0,19.5,9.4,7.0,5.0,21.4,20.45
399,TA_17,TA_18,13.0,6.0,5.0,24.0,9.0,9.0,5.0,23.0,23.5
400,TA_17,TA_18,16.0,14.5,10.5,41.0,17.0,13.0,8.5,38.5,39.75
401,TA_17,TA_18,2.5,0.0,0.0,2.5,4.0,0.0,0.0,4.0,3.25
402,TA_19,TA_20,15.0,14.0,17.0,46.0,11.0,13.5,15.5,40.0,43.0
403,TA_19,TA_20,9.5,9.0,4.0,22.5,11.5,8.5,5.0,25.0,23.75
404,TA_19,TA_20,10.5,13.5,18.0,42.0,14.0,14.0,19.0,47.0,44.5
405,TA_19,TA_20,13.0,11.5,14.5,39.0,17.0,11.5,14.0,42.5,40.75
406,TA_19,TA_20,15.0,13.0,20.5,48.5,18.0,13.5,19.0,50.5,49.5
407,TA_19,TA_20,23.5,16.0,19.0,58.5,25.0,12.5,16.0,53.5,56.0
408,TA_19,TA_20,7.5,12.5,18.0,38.0,12.0,13.0,15.5,40.5,39.25
409,TA_19,TA_20,11.5,10.0,5.5,27.0,11.5,10.5,5.0,27.0,27.0
410,TA_19,TA_20,5.5,11.0,2.5,19.0,8.0,13.0,3.5,24.5,21.75
411,TA_19,TA_20,15.5,14.5,15.0,45.0,21.0,15.0,15.5,51.5,48.25
412,TA_19,TA_20,16.0,0.0,16.0,32.0,16.0,0.0,13.5,29.5,30.75
413,TA_19,TA_20,21.0,11.5,17.0,49.5,21.5,13.0,13.0,47.5,48.5
414,TA_19,TA_20,13.0,8.0,7.0,28.0,10.0,9.0,6.0,25.0,26.5
415,TA_19,TA_20,21.0,17.0,15.5,53.5,25.0,17.0,15.5,57.5,55.5
416,TA_19,TA_20,13.0,6.5,5.0,24.5,9.0,9.0,11.0,29.0,26.75
417,TA_19,TA_20,19.0,17.0,15.5,51.5,23.0,17.0,17.0,57.0,54.25
418,TA_19,TA_20,13.0,8.0,13.0,34.0,14.0,9.0,13.0,36.0,35.0
419,TA_19,TA_20,19.0,12.0,9.5,40.5,18.5,12.0,11.0,41.5,41.0
420,TA_19,TA_20,22.5,8.0,18.0,48.5,21.5,9.5,18.0,49.0,48.75
421,TA_19,TA_20,16.5,9.5,3.0,29.0,16.5,10.0,2.5,29.0,29.0
422,TA_19,TA_20,10.0,9.5,0.0,19.5,14.0,9.0,0.0,23.0,21.25
423,TA_19,TA_20,13.5,11.5,5.0,30.0,12.0,11.0,1.0,24.0,27.0
424,TA_19,TA_20,10.5,6.5,15.0,32.0,10.0,7.5,14.0,31.5,31.75
425,TA_19,TA_20,10.0,10.0,6.5,26.5,13.5,9.5,9.5,32.5,29.5
426,TA_19,TA_20,7.0,9.0,8.5,24.5,9.0,9.0,7.5,25.5,25.0
427,TA_19,TA_20,3.5,8.0,3.0,14.5,1.0,10.0,4.0,15.0,14.75
428,TA_19,TA_20,1.0,1.0,0.0,2.0,2.0,4.0,0.0,6.0,4.0
429,TA_19,TA_20,10.0,4.0,5.0,19.0,12.5,4.5,6.5,23.5,21.25
430,TA_19,TA_20,3.0,4.0,3.0,10.0,3.5,5.5,5.0,14.0,12.0
431,TA_19,TA_20,12.5,13.0,17.5,43.0,15.0,13.5,14.5,43.0,43.0
432,TA_19,TA_20,3.0,0.5,2.0,5.5,-1.0,1.0,2.0,2.0,3.75
433,TA_19,TA_20,10.0,12.5,15.0,37.5,14.0,12.5,13.5,40.0,38.75
434,TA_19,TA_20,18.0,16.0,5.5,39.5,21.0,16.5,6.5,44.0,41.75
435,TA_19,TA_20,4.0,7.0,1.0,12.0,1.0,4.0,1.0,6.0,9.0
436,TA_19,TA_20,20.0,17.0,21.0,58.0,26.0,16.5,22.0,64.5,61.25
437,TA_19,TA_20,18.5,12.0,18.0,48.5,19.0,11.5,16.5,47.0,47.75
438,TA_19,TA_20,15.0,11.5,19.0,45.5,18.5,12.5,20.0,51.0,48.25
439,TA_19,TA_20,20.0,16.5,22.0,58.5,24.0,17.0,22.0,63.0,60.75
440,TA_19,TA_20,18.0,0.0,5.5,23.5,19.0,0.0,7.5,26.5,25.0
441,TA_19,TA_20,14.0,4.0,14.0,32.0,13.5,4.0,12.5,30.0,31.0
442,TA_19,TA_20,17.5,9.5,17.0,44.0,14.0,10.0,15.0,39.0,41.5
443,TA_19,TA_20,15.5,9.5,5.0,30.0,12.5,9.0,5.0,26.5,28.25
444,TA_19,TA_20,11.0,14.0,9.5,34.5,14.5,14.0,8.5,37.0,35.75
445,TA_19,TA_20,15.0,11.0,9.0,35.0,12.0,10.0,10.5,32.5,33.75
446,TA_19,TA_20,14.5,11.0,15.5,41.0,18.0,11.5,16.0,45.5,43.25
447,TA_19,TA_20,14.5,10.0,3.0,27.5,15.5,11.0,3.5,30.0,28.75
448,TA_19,TA_20,7.0,8.5,8.0,23.5,4.0,9.5,7.5,21.0,22.25
449,TA_46,TA_22,10.5,0.0,10.0,20.5,10.0,0.0,10.0,20.0,20.25
450,TA_49+TA_50,TA_22,14.0,6.5,0.0,20.5,15.0,5.0,0.0,20.0,20.25
451,TA_51,TA_22,0.0,6.0,9.0,15.0,1.0,7.0,4.0,12.0,13.5
452,TA_47,TA_22,10.5,12.0,3.0,25.5,11.0,13.0,3.0,27.0,26.25
453,TA_46,TA_22,16.0,13.0,12.0,41.0,13.0,13.0,10.0,36.0,38.5
454,TA_49+TA_50,TA_22,15.0,11.5,8.0,34.5,16.0,12.0,12.0,40.0,37.25
455,TA_51,TA_22,14.0,12.0,10.75,36.75,13.0,10.0,12.0,35.0,35.875
456,TA_47,TA_22,3.0,10.0,2.0,15.0,2.0,5.0,2.0,9.0,12.0
457,TA_46,TA_22,10.0,13.0,4.0,27.0,10.0,11.0,4.0,25.0,26.0
458,TA_49+TA_50,TA_22,8.5,6.5,0.0,15.0,8.0,5.0,0.0,13.0,14.0
459,TA_51,TA_22,18.0,11.0,15.75,44.75,14.0,7.0,17.0,38.0,41.375
460,TA_47,TA_22,11.0,11.0,10.0,32.0,8.0,14.0,11.0,33.0,32.5
461,TA_46,TA_22,4.0,2.0,0.0,6.0,9.0,1.0,0.0,10.0,8.0
462,TA_49+TA_50,TA_22,21.0,17.0,18.0,56.0,16.0,17.0,19.0,52.0,54.0
463,TA_51,TA_22,4.0,12.0,8.75,24.75,6.0,7.0,9.0,22.0,23.375
464,TA_47,TA_22,16.0,11.0,18.5,45.5,16.0,13.0,17.0,46.0,45.75
465,TA_46,TA_22,13.0,11.5,11.0,35.5,14.0,9.0,11.0,34.0,34.75
466,TA_49+TA_50,TA_22,14.0,13.0,9.0,36.0,16.0,11.0,10.0,37.0,36.5
467,TA_51,TA_22,16.0,17.0,17.75,50.75,19.0,17.0,16.0,52.0,51.375
468,TA_47,TA_22,16.0,7.0,7.0,30.0,16.0,9.0,14.0,39.0,34.5
469,TA_46,TA_22,20.0,13.0,11.0,44.0,20.0,14.0,10.0,44.0,44.0
470,TA_49+TA_50,TA_22,19.0,17.0,15.0,51.0,19.0,17.0,18.0,54.0,52.5
471,TA_51,TA_22,17.0,13.0,14.75,44.75,18.0,8.0,18.0,44.0,44.375
472,TA_47,TA_22,2.0,0.0,2.0,4.0,5.0,4.0,6.0,15.0,9.5
473,TA_46,TA_22,16.5,14.0,14.0,44.5,17.0,14.0,17.0,48.0,46.25
474,TA_49+TA_50,TA_22,14.0,14.0,1.0,29.0,14.0,10.0,4.0,28.0,28.5
475,TA_51,TA_22,12.0,9.0,9.5,30.5,18.0,8.0,12.0,38.0,34.25
476,TA_47,TA_22,0.0,7.0,4.0,11.0,3.0,5.0,5.0,13.0,12.0
477,TA_46,TA_22,7.0,11.5,10.0,28.5,5.0,6.0,13.0,24.0,26.25
478,TA_49+TA_50,TA_22,24.0,17.0,17.0,58.0,21.0,16.0,20.0,57.0,57.5
479,TA_51,TA_22,9.0,0.0,5.5,14.5,7.0,0.0,8.0,15.0,14.75
480,TA_47,TA_22,0.0,0.0,11.0,11.0,0.0,0.0,13.0,13.0,12.0
481,TA_46,TA_22,7.0,1.0,3.0,11.0,10.0,0.0,4.0,14.0,12.5
482,TA_49+TA_50,TA_22,5.0,4.75,2.0,11.75,7.0,2.0,4.0,13.0,12.375
483,TA_51,TA_22,12.0,11.0,6.75,29.75,10.0,11.0,7.0,28.0,28.875
484,TA_47,TA_22,16.0,17.0,12.0,45.0,18.0,17.0,17.0,52.0,48.5
485,TA_46,TA_22,5.0,10.5,0.0,15.5,4.0,5.0,0.0,9.0,12.25
486,TA_49+TA_50,TA_22,9.0,17.0,7.0,33.0,7.0,17.0,10.0,34.0,33.5
487,TA_51,TA_22,5.0,14.0,2.5,21.5,11.0,12.0,2.0,25.0,23.25
488,TA_47,TA_22,16.0,10.0,13.5,39.5,18.0,10.0,15.0,43.0,41.25
489,TA_46,TA_22,4.0,3.0,5.0,12.0,8.0,3.0,5.0,16.0,14.0
490,TA_49+TA_50,TA_22,14.0,13.0,8.5,35.5,12.0,12.0,11.0,35.0,35.25
491,TA_51,TA_22,14.0,13.0,12.75,39.75,12.0,12.0,14.0,38.0,38.875
492,TA_47,TA_22,10.0,9.0,9.5,28.5,11.0,10.0,13.0,34.0,31.25
493,TA_46,TA_22,16.0,14.0,10.0,40.0,15.0,11.0,12.0,38.0,39.0
494,TA_49+TA_50,TA_22,5.0,0.25,3.0,8.25,5.0,2.0,5.0,12.0,10.125
495,TA_51,TA_22,10.0,0.0,8.75,18.75,12.0,0.0,10.0,22.0,20.375
496,TA_47,TA_22,16.0,13.0,18.5,47.5,13.0,14.0,20.0,47.0,47.25
497,TA_23,TA_24,12.0,11.0,4.0,27.0,8.0,11.0,4.0,23.0,25.0
498,TA_23,TA_24,5.0,11.0,6.0,22.0,6.0,9.0,5.0,20.0,21.0
499,TA_23,TA_24,4.5,11.0,11.0,26.5,14.0,13.0,11.0,38.0,32.25
500,TA_23,TA_24,10.0,10.0,5.0,25.0,12.0,13.0,11.0,36.0,30.5
501,TA_23,TA_24,15.0,10.0,3.0,28.0,2.0,11.0,3.0,16.0,22.0
502,TA_23,TA_24,12.0,10.0,13.0,35.0,12.0,10.0,13.0,35.0,35.0
503,TA_23,TA_24,12.0,10.0,8.0,30.0,8.0,11.0,6.0,25.0,27.5
504,TA_23,TA_24,7.0,7.0,3.0,17.0,2.0,8.0,3.0,13.0,15.0
505,TA_23,TA_24,5.0,12.0,10.0,27.0,5.0,13.0,10.0,28.0,27.5
506,TA_23,TA_24,13.0,14.0,13.0,40.0,15.0,15.0,14.0,44.0,42.0
507,TA_23,TA_24,18.0,14.0,9.0,41.0,15.0,14.0,9.0,38.0,39.5
508,TA_23,TA_24,2.0,2.0,6.0,10.0,3.0,2.0,5.0,10.0,10.0
509,TA_23,TA_24,11.0,12.0,7.0,30.0,11.0,6.0,6.0,23.0,26.5
510,TA_23,TA_24,10.0,10.0,11.0,31.0,9.0,13.0,11.0,33.0,32.0
511,TA_23,TA_24,4.0,11.0,6.0,21.0,10.0,10.0,9.0,29.0,25.0
512,TA_23,TA_24,14.0,14.0,8.0,36.0,9.0,14.0,13.0,36.0,36.0
513,TA_23,TA_24,22.0,17.0,18.0,57.0,23.0,16.0,24.0,63.0,60.0
514,TA_23,TA_24,7.0,8.0,9.0,24.0,10.0,0.0,8.0,18.0,21.0
515,TA_23,TA_24,19.0,17.0,25.0,61.0,17.0,13.0,22.0,52.0,56.5
516,TA_23,TA_24,18.0,17.0,17.0,52.0,18.0,16.0,18.0,52.0,52.0
517,TA_23,TA_24,13.5,12.0,12.0,37.5,16.0,8.0,18.0,42.0,39.75
518,TA_23,TA_24,9.0,10.0,12.0,31.0,8.0,14.0,17.0,39.0,35.0
519,TA_23,TA_24,18.0,7.0,0.0,25.0,1.0,3.0,4.0,8.0,16.5
520,TA_23,TA_24,16.0,17.0,12.0,45.0,17.5,16.0,14.0,47.5,46.25
521,TA_23,TA_24,18.0,12.0,2.0,32.0,14.0,11.0,10.0,35.0,33.5
522,TA_23,TA_24,15.0,17.0,15.0,47.0,14.0,12.0,10.0,36.0,41.5
523,TA_23,TA_24,7.0,10.0,7.0,24.0,8.0,11.0,14.0,33.0,28.5
524,TA_23,TA_24,7.0,11.0,11.0,29.0,4.0,9.0,11.0,24.0,26.5
525,TA_23,TA_24,7.0,8.0,5.0,20.0,2.5,3.0,2.0,7.5,13.75
526,TA_23,TA_24,13.0,12.0,9.0,34.0,14.0,12.0,8.0,34.0,34.0
527,TA_23,TA_24,11.0,10.0,7.0,28.0,11.0,14.0,12.0,37.0,32.5
528,TA_23,TA_24,8.0,8.0,10.0,26.0,9.0,6.0,6.0,21.0,23.5
529,TA_23,TA_24,21.0,17.0,22.0,60.0,18.0,15.0,23.0,56.0,58.0
530,TA_23,TA_24,20.0,13.0,19.0,52.0,18.0,15.0,19.0,52.0,52.0
531,TA_23,TA_24,7.0,13.0,10.0,30.0,4.0,14.0,10.0,28.0,29.0
532,TA_23,TA_24,11.0,12.0,0.0,23.0,14.0,12.0,0.0,26.0,24.5
533,TA_23,TA_24,13.0,5.0,3.0,21.0,9.0,7.0,3.0,19.0,20.0
534,TA_23,TA_24,9.0,11.0,8.0,28.0,7.0,11.0,9.0,27.0,27.5
535,TA_23,TA_24,7.0,9.0,8.0,24.0,5.0,9.0,9.0,23.0,23.5
536,TA_23,TA_24,14.0,11.0,3.0,28.0,8.0,11.0,2.0,21.0,24.5
537,TA_23,TA_24,7.0,6.0,11.0,24.0,5.0,8.0,5.0,18.0,21.0
538,TA_23,TA_24,15.0,11.0,16.0,42.0,11.0,11.0,17.0,39.0,40.5
539,TA_23,TA_24,13.0,14.0,8.0,35.0,0.0,0.0,6.0,6.0,20.5
540,TA_23,TA_24,11.0,9.0,8.0,28.0,10.0,10.0,9.0,29.0,28.5
541,TA_23,TA_24,6.0,11.0,6.0,23.0,3.0,9.0,7.0,19.0,21.0
542,TA_23,TA_24,10.0,8.0,6.0,24.0,12.0,0.0,4.0,16.0,20.0
543,TA_23,TA_24,7.0,3.0,0.0,10.0,8.5,13.0,7.0,28.5,19.25
544,TA_23,TA_24,12.0,13.0,4.0,29.0,5.0,9.0,8.0,22.0,25.5
545,TA_25,TA_26,23.0,13.5,3.5,40.0,20.0,11.5,6.25,37.75,38.875
546,TA_25,TA_26,19.0,14.0,9.5,42.5,18.0,13.0,11.0,42.0,42.25
547,TA_25,TA_26,0.0,1.0,2.5,3.5,0.0,0.0,2.5,2.5,3.0
548,TA_25,TA_26,9.0,1.0,2.0,12.0,4.0,1.0,2.0,7.0,9.5
549,TA_25,TA_26,3.0,0.0,4.0,7.0,4.5,0.0,6.0,10.5,8.75
550,TA_25,TA_26,5.0,10.0,13.0,28.0,14.0,9.5,11.0,34.5,31.25
551,TA_25,TA_26,1.0,8.0,2.5,11.5,0.0,3.0,0.0,3.0,7.25
552,TA_25,TA_26,13.5,13.0,14.0,40.5,13.5,14.0,13.5,41.0,40.75
553,TA_25,TA_26,12.5,11.0,5.0,28.5,3.25,8.0,5.5,16.75,22.625
554,TA_25,TA_26,8.0,2.0,0.0,10.0,9.0,2.5,0.0,11.5,10.75
555,TA_25,TA_26,13.0,8.0,13.5,34.5,10.5,4.0,15.0,29.5,32.0
556,TA_25,TA_26,16.0,9.0,2.0,27.0,16.5,5.5,2.0,24.0,25.5
557,TA_25,TA_26,17.5,17.0,6.0,40.5,18.5,17.0,6.0,41.5,41.0
558,TA_25,TA_26,19.0,10.0,17.0,46.0,17.5,11.0,16.0,44.5,45.25
559,TA_25,TA_26,13.0,12.5,6.0,31.5,11.0,11.5,6.0,28.5,30.0
560,TA_25,TA_26,20.0,0.0,20.0,40.0,18.0,0.0,21.5,39.5,39.75
561,TA_25,TA_26,18.0,14.0,11.0,43.0,18.0,14.0,9.0,41.0,42.0
562,TA_25,TA_26,19.5,12.5,19.0,51.0,19.0,12.5,18.5,50.0,50.5
563,TA_25,TA_26,20.0,17.0,20.0,57.0,17.5,17.0,22.0,56.5,56.75
564,TA_25,TA_26,14.0,9.0,8.0,31.0,6.0,8.5,6.5,21.0,26.0
565,TA_25,TA_26,17.0,14.0,18.0,49.0,19.0,17.0,19.0,55.0,52.0
566,TA_25,TA_26,12.5,9.0,3.5,25.0,7.0,6.0,3.75,16.75,20.875
567,TA_25,TA_26,14.0,14.0,15.5,43.5,12.5,15.0,16.0,43.5,43.5
568,TA_25,TA_26,11.5,11.0,8.0,30.5,10.5,11.0,6.0,27.5,29.0
569,TA_25,TA_26,17.0,14.5,17.5,49.0,18.0,13.5,17.0,48.5,48.75
570,TA_25,TA_26,15.0,15.0,12.0,42.0,16.0,15.5,11.5,43.0,42.5
571,TA_25,TA_26,7.5,1.0,8.0,16.5,8.25,1.5,5.0,14.75,15.625
572,TA_25,TA_26,18.0,15.0,0.0,33.0,23.0,17.0,0.0,40.0,36.5
573,TA_25,TA_26,11.0,15.0,0.0,26.0,14.0,13.0,0.0,27.0,26.5
574,TA_25,TA_26,16.5,17.0,20.0,53.5,16.5,17.0,20.5,54.0,53.75
575,TA_25,TA_26,19.0,13.0,11.0,43.0,18.5,14.0,12.5,45.0,44.0
576,TA_25,TA_26,18.0,11.0,8.0,37.0,20.5,12.25,12.0,44.75,40.875
577,TA_25,TA_26,18.5,14.0,21.0,53.5,22.5,17.0,22.0,61.5,57.5
578,TA_25,TA_26,13.5,13.0,10.0,36.5,17.0,13.0,10.0,40.0,38.25
579,TA_25,TA_26,16.0,11.5,4.0,31.5,18.5,12.0,2.0,32.5,32.0
580,TA_25,TA_26,18.0,14.0,11.5,43.5,18.0,15.0,14.0,47.0,45.25
581,TA_25,TA_26,7.1,1.0,5.0,13.1,6.0,0.0,3.0,9.0,11.05
582,TA_25,TA_26,24.0,14.0,20.0,58.0,22.5,14.0,20.0,56.5,57.25
583,TA_25,TA_26,10.5,3.5,7.0,21.0,5.0,7.5,6.5,19.0,20.0
584,TA_25,TA_26,14.5,12.5,17.0,44.0,17.0,13.0,19.5,49.5,46.75
585,TA_25,TA_26,8.0,4.0,18.0,30.0,6.5,4.0,12.0,22.5,26.25
586,TA_25,TA_26,12.5,11.0,7.0,30.5,16.5,10.0,8.5,35.0,32.75
587,TA_25,TA_26,16.0,12.0,17.0,45.0,16.5,12.5,15.0,44.0,44.5
588,TA_25,TA_26,5.5,11.0,7.0,23.5,4.75,9.5,7.5,21.75,22.625
589,TA_25,TA_26,21.0,14.0,19.0,54.0,26.0,15.5,19.0,60.5,57.25
590,TA_25,TA_26,11.0,12.0,5.0,28.0,10.5,9.0,4.0,23.5,25.75
591,TA_25,TA_26,17.0,16.0,21.0,54.0,15.5,16.25,22.0,53.75,53.875
592,TA_25,TA_26,17.0,14.0,19.5,50.5,17.5,17.0,19.5,54.0,52.25
593,TA_25,TA_26,13.0,14.0,17.0,44.0,17.0,14.0,18.5,49.5,46.75
594,TA_25,TA_26,16.5,10.5,15.0,42.0,14.0,10.5,16.0,40.5,41.25
595,TA_25,TA_26,17.0,12.0,13.5,42.5,16.0,14.0,14.5,44.5,43.5
596,TA_27,TA_28,6.0,0.0,4.0,10.0,9.0,0.0,6.0,15.0,12.5
597,TA_27,TA_28,2.0,0.0,0.0,2.0,5.0,0.0,0.0,5.0,3.5
598,TA_27,TA_28,6.5,11.0,9.5,27.0,10.0,11.0,12.0,33.0,30.0
599,TA_27,TA_28,23.0,13.0,9.5,45.5,23.0,13.0,9.0,45.0,45.25
600,TA_27,TA_28,13.0,8.5,12.0,33.5,14.5,11.5,13.5,39.5,36.5
601,TA_27,TA_28,13.5,0.0,0.0,13.5,17.0,1.5,0.0,18.5,16.0
602,TA_27,TA_28,7.5,6.5,5.0,19.0,9.5,9.5,4.0,23.0,21.0
603,TA_27,TA_28,20.0,11.5,6.5,38.0,21.0,13.0,14.0,48.0,43.0
604,TA_27,TA_28,13.0,10.0,0.0,23.0,13.5,12.0,0.0,25.5,24.25
605,TA_27,TA_28,12.0,11.5,0.0,23.5,12.5,16.0,0.0,28.5,26.0
606,TA_27,TA_28,3.5,2.5,2.0,8.0,7.5,7.0,6.5,21.0,14.5
607,TA_27,TA_28,15.0,11.0,11.0,37.0,20.0,13.5,15.0,48.5,42.75
608,TA_27,TA_28,10.0,0.0,8.0,18.0,10.0,2.5,10.0,22.5,20.25
609,TA_27,TA_28,14.0,7.5,8.0,29.5,14.0,11.5,10.0,35.5,32.5
610,TA_27,TA_28,8.0,9.5,3.0,20.5,14.0,11.0,4.5,29.5,25.0
611,TA_27,TA_28,8.0,7.5,5.0,20.5,12.5,11.0,5.5,29.0,24.75
612,TA_27,TA_28,8.5,10.0,14.0,32.5,9.0,12.5,16.5,38.0,35.25
613,TA_27,TA_28,17.5,15.0,22.0,54.5,17.5,15.0,22.0,54.5,54.5
614,TA_27,TA_28,13.0,10.0,17.5,40.5,17.5,13.5,18.5,49.5,45.0
615,TA_27,TA_28,14.0,0.0,3.0,17.0,16.5,0.0,3.0,19.5,18.25
616,TA_27,TA_28,13.5,17.0,0.0,30.5,15.0,17.0,0.0,32.0,31.25
617,TA_27,TA_28,8.0,14.0,8.0,30.0,11.5,14.0,9.0,34.5,32.25
618,TA_27,TA_28,15.0,10.5,9.0,34.5,16.0,13.0,17.0,46.0,40.25
619,TA_27,TA_28,19.0,17.0,19.0,55.0,19.5,17.0,20.0,56.5,55.75
620,TA_27,TA_28,7.5,8.0,8.0,23.5,15.0,11.0,9.0,35.0,29.25
621,TA_27,TA_28,8.5,10.5,18.0,37.0,11.5,12.5,15.0,39.0,38.0
622,TA_27,TA_28,18.5,14.5,16.0,49.0,19.0,17.0,20.0,56.0,52.5
623,TA_27,TA_28,9.0,8.0,5.5,22.5,9.5,11.0,10.0,30.5,26.5
624,TA_27,TA_28,11.5,10.0,4.0,25.5,12.5,11.5,9.5,33.5,29.5
625,TA_27,TA_28,14.0,7.5,15.5,37.0,22.0,11.5,17.0,50.5,43.75
626,TA_27,TA_28,17.5,3.0,0.0,20.5,20.0,3.0,0.0,23.0,21.75
627,TA_27,TA_28,10.0,11.5,6.0,27.5,14.5,12.5,7.5,34.5,31.0
628,TA_27,TA_28,10.0,8.5,3.0,21.5,14.0,11.5,4.5,30.0,25.75
629,TA_27,TA_28,7.5,6.0,8.0,21.5,13.5,9.0,13.5,36.0,28.75
630,TA_27,TA_28,1.5,0.0,0.0,1.5,1.5,0.0,0.0,1.5,1.5
631,TA_27,TA_28,13.5,6.5,0.0,20.0,17.0,11.0,0.0,28.0,24.0
632,TA_27,TA_28,9.0,10.5,10.5,30.0,10.0,12.0,12.0,34.0,32.0
633,TA_27,TA_28,17.5,10.0,15.0,42.5,18.0,11.0,15.0,44.0,43.25
634,TA_27,TA_28,0.0,0.0,0.0,0.0,14.5,16.0,20.5,51.0,25.5
635,TA_27,TA_28,8.0,4.5,4.5,17.0,11.0,10.0,7.0,28.0,22.5
636,TA_27,TA_28,18.5,17.0,18.0,53.5,22.5,17.0,20.0,59.5,56.5
637,TA_27,TA_28,20.5,10.5,18.0,49.0,21.5,10.5,18.0,50.0,49.5
638,TA_27,TA_28,20.0,12.0,17.0,49.0,20.5,12.5,17.5,50.5,49.75
639,TA_27,TA_28,13.5,12.5,18.5,44.5,14.0,12.5,20.0,46.5,45.5
640,TA_27,TA_28,15.5,7.0,13.5,36.0,17.0,11.5,16.5,45.0,40.5
641,TA_27,TA_28,12.0,16.0,18.5,46.5,13.5,16.5,19.0,49.0,47.75
642,TA_27,TA_28,10.0,8.5,15.5,34.0,18.0,13.5,18.0,49.5,41.75
643,TA_27,TA_28,21.5,14.0,17.0,52.5,22.0,14.0,18.0,54.0,53.25
644,TA_46,TA_30,9.0,7.5,4.0,20.5,8.5,9.5,4.5,22.5,21.5
645,TA_49+TA_50,TA_30,18.0,0.0,0.0,18.0,18.0,0.0,2.5,20.5,19.25
646,TA_51,TA_30,15.0,13.0,7.75,35.75,15.0,10.5,7.5,33.0,34.375
647,TA_47,TA_30,17.5,12.0,3.0,32.5,18.0,14.0,3.0,35.0,33.75
648,TA_46,TA_30,17.5,12.5,13.0,43.0,18.5,8.5,17.5,44.5,43.75
649,TA_49+TA_50,TA_30,3.6,4.0,0.0,7.6,2.5,8.5,0.0,11.0,9.3
650,TA_51,TA_30,12.0,9.0,9.5,30.5,12.0,10.0,9.5,31.5,31.0
651,TA_47,TA_30,24.0,17.0,21.5,62.5,24.0,16.0,21.5,61.5,62.0
652,TA_46,TA_30,20.0,17.0,16.0,53.0,18.5,16.5,16.5,51.5,52.25
653,TA_49+TA_50,TA_30,15.0,13.5,1.0,29.5,19.0,12.0,4.5,35.5,32.5
654,TA_51,TA_30,15.0,10.0,0.0,25.0,14.5,7.5,0.0,22.0,23.5
655,TA_47,TA_30,17.5,13.0,3.0,33.5,17.0,11.5,12.0,40.5,37.0
656,TA_46,TA_30,11.0,14.0,5.0,30.0,16.0,14.0,4.5,34.5,32.25
657,TA_49+TA_50,TA_30,15.0,11.0,2.0,28.0,15.0,8.75,6.0,29.75,28.875
658,TA_51,TA_30,6.0,8.0,6.75,20.75,6.5,11.0,8.5,26.0,23.375
659,TA_47,TA_30,9.0,8.0,9.0,26.0,13.0,15.5,10.5,39.0,32.5
660,TA_46,TA_30,16.5,13.0,5.0,34.5,16.5,12.5,6.0,35.0,34.75
661,TA_49+TA_50,TA_30,5.5,9.0,8.0,22.5,11.5,9.5,12.0,33.0,27.75
662,TA_51,TA_30,16.0,8.0,13.0,37.0,17.0,10.5,12.5,40.0,38.5
663,TA_47,TA_30,15.0,11.0,19.0,45.0,17.0,14.5,19.75,51.25,48.125
664,TA_46,TA_30,19.0,9.0,12.0,40.0,18.5,10.0,13.0,41.5,40.75
665,TA_49+TA_50,TA_30,13.0,11.0,3.0,27.0,11.5,11.5,7.0,30.0,28.5
666,TA_51,TA_30,12.0,14.0,9.5,35.5,16.5,13.5,13.0,43.0,39.25
667,TA_47,TA_30,2.0,0.0,3.0,5.0,2.5,0.5,4.0,7.0,6.0
668,TA_46,TA_30,10.0,0.0,0.0,10.0,8.0,0.0,0.0,8.0,9.0
669,TA_48,TA_30,17.0,10.0,8.0,35.0,15.5,10.5,10.0,36.0,35.5
670,TA_51,TA_30,19.5,11.0,13.0,43.5,22.0,16.0,12.0,50.0,46.75
671,TA_47,TA_30,12.0,14.0,18.5,44.5,13.0,14.0,20.5,47.5,46.0
672,TA_46,TA_30,21.0,14.0,9.0,44.0,21.0,13.0,12.0,46.0,45.0
673,TA_48,TA_30,6.0,9.0,4.0,19.0,10.0,11.5,4.0,25.5,22.25
674,TA_51,TA_30,5.0,13.0,12.0,30.0,15.5,11.5,13.0,40.0,35.0
675,TA_47,TA_30,12.5,17.0,16.5,46.0,13.75,16.5,18.25,48.5,47.25
676,TA_46,TA_30,14.0,14.0,15.0,43.0,18.0,13.5,15.5,47.0,45.0
677,TA_48,TA_30,4.0,9.0,0.0,13.0,9.0,12.0,0.0,21.0,17.0
678,TA_51,TA_30,7.0,0.0,0.0,7.0,9.0,0.0,0.0,9.0,8.0
679,TA_47,TA_30,10.0,11.0,0.0,21.0,9.5,14.0,0.0,23.5,22.25
680,TA_46,TA_30,8.0,12.5,6.0,26.5,9.0,13.5,9.0,31.5,29.0
681,TA_48,TA_30,9.5,7.0,2.0,18.5,13.5,12.0,2.0,27.5,23.0
682,TA_51,TA_30,2.0,10.0,7.5,19.5,7.5,14.5,11.5,33.5,26.5
683,TA_47,TA_30,15.0,15.0,15.0,45.0,15.0,15.0,17.3,47.3,46.15
684,TA_46,TA_30,7.0,13.0,14.0,34.0,10.0,11.5,13.0,34.5,34.25
685,TA_48,TA_30,3.5,0.0,4.0,7.5,5.75,0.5,4.75,11.0,9.25
686,TA_51,TA_30,22.5,12.0,20.5,55.0,25.0,12.5,21.0,58.5,56.75
687,TA_47,TA_30,6.0,14.0,6.0,26.0,7.0,13.0,6.0,26.0,26.0
688,TA_46,TA_30,12.0,14.0,6.0,32.0,18.5,13.5,6.0,38.0,35.0
689,TA_48,TA_30,16.0,10.0,18.0,44.0,17.5,12.0,16.5,46.0,45.0
690,TA_51,TA_30,20.0,12.0,22.0,54.0,18.0,11.5,22.0,51.5,52.75
691,TA_47,TA_30,13.0,8.0,13.5,34.5,11.0,10.0,13.0,34.0,34.25
692,TA_46,TA_30,19.0,14.0,15.0,48.0,22.5,11.0,12.5,46.0,47.0
693,TA_48,TA_30,4.0,4.0,4.0,12.0,5.0,12.5,8.0,25.5,18.75
694,TA_31,TA_32,20.0,13.5,12.0,45.5,19.5,14.0,14.0,47.5,46.5
695,TA_31,TA_32,3.0,0.0,6.0,9.0,10.0,0.5,7.0,17.5,13.25
696,TA_31,TA_32,9.5,7.0,5.0,21.5,10.5,10.5,6.5,27.5,24.5
697,TA_31,TA_32,5.5,0.0,7.0,12.5,9.0,0.0,11.0,20.0,16.25
698,TA_31,TA_32,12.0,12.5,14.0,38.5,13.5,13.0,16.0,42.5,40.5
699,TA_31,TA_32,15.0,8.0,15.5,38.5,13.0,11.5,16.0,40.5,39.5
700,TA_31,TA_32,4.0,8.5,8.0,20.5,8.0,12.5,13.5,34.0,27.25
701,TA_31,TA_32,8.0,16.0,14.0,38.0,8.0,17.0,17.0,42.0,40.0
702,TA_31,TA_32,13.0,9.0,14.5,36.5,14.0,12.0,15.0,41.0,38.75
703,TA_31,TA_32,14.0,9.5,7.5,31.0,16.5,13.0,11.5,41.0,36.0
704,TA_31,TA_32,11.0,8.0,2.0,21.0,15.0,10.5,2.0,27.5,24.25
705,TA_31,TA_32,0.5,0.0,0.0,0.5,1.0,0.0,0.0,1.0,0.75
706,TA_31,TA_32,22.0,17.0,18.0,57.0,22.5,17.0,18.5,58.0,57.5
707,TA_31,TA_32,7.0,6.0,10.5,23.5,14.0,12.5,15.5,42.0,32.75
708,TA_31,TA_32,16.0,14.0,9.0,39.0,16.0,14.0,10.5,40.5,39.75
709,TA_31,TA_32,8.5,6.0,2.0,16.5,13.5,9.5,3.0,26.0,21.25
710,TA_31,TA_32,14.5,9.5,7.5,31.5,18.0,11.5,13.5,43.0,37.25
711,TA_31,TA_32,12.0,7.5,0.5,20.0,13.0,12.0,0.0,25.0,22.5
712,TA_31,TA_32,9.0,1.0,5.0,15.0,12.0,2.0,10.0,24.0,19.5
713,TA_31,TA_32,5.5,6.0,3.0,14.5,8.0,8.0,6.0,22.0,18.25
714,TA_31,TA_32,13.0,7.5,12.0,32.5,13.0,10.0,15.0,38.0,35.25
715,TA_31,TA_33,3.0,4.0,5.0,12.0,2.0,6.0,5.0,13.0,12.5
716,TA_31,TA_32,8.0,1.0,7.5,16.5,13.5,1.5,13.5,28.5,22.5
717,TA_31,TA_32,11.0,8.0,13.0,32.0,12.0,13.0,16.5,41.5,36.75
718,TA_31,TA_32,13.0,8.5,10.0,31.5,15.0,10.5,14.0,39.5,35.5
719,TA_31,TA_33,16.5,9.0,12.0,37.5,17.5,16.0,11.0,44.5,41.0
720,TA_31,TA_32,8.0,10.0,11.5,29.5,12.0,13.0,13.0,38.0,33.75
721,TA_31,TA_32,5.0,5.0,5.0,15.0,8.0,7.5,5.5,21.0,18.0
722,TA_31,TA_32,8.5,0.0,4.0,12.5,10.5,0.0,6.0,16.5,14.5
723,TA_31,TA_32,9.5,13.0,8.0,30.5,10.0,13.5,12.0,35.5,33.0
724,TA_31,TA_32,6.0,2.0,5.0,13.0,9.0,1.5,9.0,19.5,16.25
725,TA_31,TA_32,10.0,0.0,6.5,16.5,11.5,0.0,11.0,22.5,19.5
726,TA_31,TA_32,12.0,9.0,9.5,30.5,12.0,11.0,12.5,35.5,33.0
727,TA_31,TA_32,11.0,11.5,7.5,30.0,15.0,13.5,11.0,39.5,34.75
728,TA_31,TA_32,5.0,7.5,2.0,14.5,7.0,10.5,4.5,22.0,18.25
729,TA_31,TA_32,6.0,10.0,10.0,26.0,8.0,13.0,13.0,34.0,30.0
730,TA_31,TA_32,20.0,10.0,11.0,41.0,20.0,12.0,13.5,45.5,43.25
731,TA_31,TA_32,19.0,11.5,13.0,43.5,17.0,15.0,15.0,47.0,45.25
732,TA_31,TA_32,8.0,5.0,3.0,16.0,9.5,7.5,5.0,22.0,19.0
733,TA_31,TA_32,15.5,14.0,11.0,40.5,14.5,14.0,15.0,43.5,42.0
734,TA_31,TA_32,13.0,10.0,8.5,31.5,15.0,15.0,11.5,41.5,36.5
735,TA_31,TA_32,18.0,12.0,15.0,45.0,17.5,14.0,17.0,48.5,46.75
736,TA_31,TA_32,5.0,10.0,7.0,22.0,8.0,12.5,8.0,28.5,25.25
737,TA_31,TA_32,3.5,3.0,1.5,8.0,1.5,7.5,3.0,12.0,10.0
738,TA_31,TA_32,19.0,10.0,15.0,44.0,19.5,11.5,14.0,45.0,44.5
739,TA_31,TA_32,4.0,5.0,4.5,13.5,6.5,10.5,5.5,22.5,18.0
740,TA_31,TA_32,4.0,8.0,5.0,17.0,5.5,12.0,9.0,26.5,21.75
741,TA_34,TA_35,0.0,0.0,8.5,8.5,0.0,0.0,10.0,10.0,9.25
742,TA_34,TA_35,17.0,13.0,18.0,48.0,7.0,8.5,13.5,29.0,38.5
743,TA_34,TA_35,26.0,16.0,14.5,56.5,21.0,14.0,3.0,38.0,47.25
744,TA_34,TA_33,4.0,3.0,4.0,11.0,6.0,5.0,5.0,16.0,13.5
745,TA_34,TA_35,10.0,10.0,12.0,32.0,9.75,11.5,10.0,31.25,31.625
746,TA_34,TA_35,10.5,7.5,6.5,24.5,12.0,10.0,15.0,37.0,30.75
747,TA_34,TA_35,16.5,9.5,11.5,37.5,17.0,11.5,9.5,38.0,37.75
748,TA_34,TA_35,22.5,9.5,13.5,45.5,15.5,13.5,11.5,40.5,43.0
749,TA_34,TA_35,12.5,7.5,9.5,29.5,5.0,9.5,3.5,18.0,23.75
750,TA_34,TA_35,28.0,16.0,20.0,64.0,15.0,12.5,13.5,41.0,52.5
751,TA_34,TA_35,14.5,7.5,13.5,35.5,20.0,14.0,18.0,52.0,43.75
752,TA_34,TA_35,21.0,16.0,14.5,51.5,15.0,14.0,7.0,36.0,43.75
753,TA_34,TA_35,27.0,16.0,22.0,65.0,20.0,13.0,18.0,51.0,58.0
754,TA_34,TA_35,14.0,0.0,10.0,24.0,7.0,0.0,11.0,18.0,21.0
755,TA_34,TA_35,20.0,8.0,10.0,38.0,19.0,13.0,8.0,40.0,39.0
756,TA_34,TA_35,20.0,5.5,11.5,37.0,14.0,9.0,13.0,36.0,36.5
757,TA_34,TA_33,12.5,6.0,9.5,28.0,12.0,12.0,9.5,33.5,30.75
758,TA_34,TA_35,15.0,7.5,12.5,35.0,5.5,3.5,8.5,17.5,26.25
759,TA_34,TA_35,28.0,15.0,20.0,63.0,17.5,12.5,7.0,37.0,50.0
760,TA_34,TA_35,13.5,16.0,6.5,36.0,12.0,14.0,4.5,30.5,33.25
761,TA_34,TA_33,16.0,3.0,5.0,24.0,13.0,9.0,14.0,36.0,30.0
762,TA_34,TA_35,7.5,10.0,13.5,31.0,6.0,8.0,15.0,29.0,30.0
763,TA_34,TA_35,12.5,6.5,9.5,28.5,3.5,0.0,3.0,6.5,17.5
764,TA_34,TA_35,8.5,6.5,4.0,19.0,16.0,8.0,3.5,27.5,23.25
765,TA_34,TA_35,25.0,8.0,13.0,46.0,21.0,10.0,10.0,41.0,43.5
766,TA_34,TA_35,11.0,5.5,6.5,23.0,5.5,11.0,3.5,20.0,21.5
767,TA_34,TA_35,24.0,10.0,17.0,51.0,20.0,16.0,19.0,55.0,53.0
768,TA_34,TA_35,12.0,12.5,10.0,34.5,5.0,8.0,7.5,20.5,27.5
769,TA_34,TA_33,17.5,9.0,19.0,45.5,10.0,13.0,17.0,40.0,42.75
770,TA_34,TA_35,21.5,12.5,16.5,50.5,18.0,14.0,17.0,49.0,49.75
771,TA_34,TA_35,15.0,13.0,11.5,39.5,15.0,16.0,20.0,51.0,45.25
772,TA_34,TA_35,17.0,8.0,15.0,40.0,10.5,11.0,12.0,33.5,36.75
773,TA_34,TA_35,11.5,7.0,9.5,28.0,13.0,12.0,10.0,35.0,31.5
774,TA_34,TA_35,17.0,13.0,17.0,47.0,18.0,15.0,20.0,53.0,50.0
775,TA_34,TA_35,21.0,13.0,20.0,54.0,8.0,12.0,14.0,34.0,44.0
776,TA_34,TA_35,15.0,9.0,14.0,38.0,4.0,5.5,5.5,15.0,26.5
777,TA_34,TA_35,18.5,10.0,2.5,31.0,13.5,12.0,3.0,28.5,29.75
778,TA_34,TA_35,20.0,14.0,14.0,48.0,20.5,14.0,18.0,52.5,50.25
779,TA_34,TA_35,12.5,14.0,22.0,48.5,18.5,13.5,19.0,51.0,49.75
780,TA_34,TA_35,13.5,7.5,10.5,31.5,5.5,14.0,4.0,23.5,27.5
781,TA_34,TA_35,14.5,8.0,11.0,33.5,13.0,11.5,13.0,37.5,35.5
782,TA_34,TA_35,22.5,9.5,10.5,42.5,14.0,8.5,7.5,30.0,36.25
783,TA_34,TA_35,21.0,16.0,13.0,50.0,16.0,14.0,2.0,32.0,41.0
784,TA_34,TA_35,23.5,14.5,18.5,56.5,17.0,14.0,14.0,45.0,50.75
785,TA_34,TA_35,16.0,12.0,16.0,44.0,6.0,13.0,6.0,25.0,34.5
786,TA_34,TA_35,23.5,16.0,21.0,60.5,20.5,14.0,19.0,53.5,57.0
787,TA_34,TA_35,25.0,5.0,17.0,47.0,18.0,2.0,13.0,33.0,40.0
788,TA_34,TA_35,24.0,13.0,19.0,56.0,17.0,0.0,1.0,18.0,37.0
789,TA_34,TA_35,13.5,12.5,14.5,40.5,7.0,13.0,15.5,35.5,38.0
790,TA_34,TA_35,26.0,15.5,19.5,61.0,23.0,16.0,22.0,61.0,61.0
791,TA_36,TA_37,12.0,9.5,3.5,25.0,14.0,10.0,8.0,32.0,28.5
792,TA_36,TA_37,5.0,6.0,5.0,16.0,11.0,5.0,7.5,23.5,19.75
793,TA_36,TA_37,8.5,8.0,8.0,24.5,14.5,9.5,13.0,37.0,30.75
794,TA_36,TA_37,13.0,8.5,8.5,30.0,14.0,12.5,10.0,36.5,33.25
795,TA_36,TA_37,7.5,9.0,14.5,31.0,9.0,10.0,12.0,31.0,31.0
796,TA_36,TA_37,10.0,0.0,0.0,10.0,8.0,0.0,0.0,8.0,9.0
797,TA_36,TA_37,9.0,8.0,9.5,26.5,10.0,9.0,11.0,30.0,28.25
798,TA_36,TA_37,8.0,1.5,5.5,15.0,11.0,1.0,4.0,16.0,15.5
799,TA_36,TA_37,11.0,11.5,13.0,35.5,11.0,12.0,13.0,36.0,35.75
800,TA_36,TA_37,15.0,9.0,3.5,27.5,20.0,10.0,6.0,36.0,31.75
801,TA_36,TA_37,17.5,11.0,18.75,47.25,18.0,12.0,18.0,48.0,47.625
802,TA_36,TA_37,15.5,12.0,17.0,44.5,20.5,14.0,15.5,50.0,47.25
803,TA_36,TA_37,1.5,2.5,0.5,4.5,2.0,5.0,0.5,7.5,6.0
804,TA_36,TA_37,13.0,14.0,4.5,31.5,12.0,14.0,5.5,31.5,31.5
805,TA_36,TA_37,14.0,10.5,8.5,33.0,16.0,11.5,10.5,38.0,35.5
806,TA_36,TA_37,17.5,8.0,18.0,43.5,18.0,7.5,17.0,42.5,43.0
807,TA_36,TA_37,18.0,17.0,4.5,39.5,18.0,17.0,7.0,42.0,40.75
808,TA_36,TA_37,9.0,7.0,7.0,23.0,13.0,9.5,13.0,35.5,29.25
809,TA_36,TA_37,8.0,8.5,5.0,21.5,10.5,10.0,8.0,28.5,25.0
810,TA_36,TA_37,11.5,10.0,4.0,25.5,13.0,10.5,5.0,28.5,27.0
811,TA_36,TA_37,9.0,9.0,0.0,18.0,10.5,10.0,0.0,20.5,19.25
812,TA_36,TA_37,10.5,5.0,0.0,15.5,14.0,6.0,0.0,20.0,17.75
813,TA_36,TA_37,8.5,0.0,0.0,8.5,10.0,0.0,0.0,10.0,9.25
814,TA_36,TA_33,7.5,6.0,8.0,21.5,10.0,4.0,12.0,26.0,23.75
815,TA_36,TA_37,24.0,17.0,21.0,62.0,23.5,17.0,19.0,59.5,60.75
816,TA_36,TA_37,16.0,9.5,10.0,35.5,18.0,10.5,17.0,45.5,40.5
817,TA_36,TA_37,15.0,1.0,2.0,18.0,13.5,1.0,2.0,16.5,17.25
818,TA_36,TA_37,6.5,14.0,7.0,27.5,6.5,14.0,7.5,28.0,27.75
819,TA_36,TA_37,17.0,4.0,15.5,36.5,19.0,4.0,18.0,41.0,38.75
820,TA_36,TA_37,8.0,9.5,6.0,23.5,10.0,9.5,8.0,27.5,25.5
821,TA_36,TA_37,11.5,11.0,2.5,25.0,14.0,9.5,3.0,26.5,25.75
822,TA_36,TA_37,7.0,9.0,6.0,22.0,7.5,10.5,7.0,25.0,23.5
823,TA_36,TA_37,13.5,10.5,7.5,31.5,18.0,11.5,14.0,43.5,37.5
824,TA_36,TA_37,16.0,0.0,16.0,32.0,16.0,1.0,16.0,33.0,32.5
825,TA_36,TA_37,14.5,13.0,9.5,37.0,15.0,14.0,12.5,41.5,39.25
826,TA_36,TA_37,13.0,12.0,12.0,37.0,13.0,12.5,12.0,37.5,37.25
827,TA_36,TA_37,17.0,12.0,4.0,33.0,17.0,12.0,5.0,34.0,33.5
828,TA_36,TA_37,11.0,16.0,10.0,37.0,15.0,17.0,11.5,43.5,40.25
829,TA_36,TA_33,19.0,9.0,18.0,46.0,21.0,9.0,17.0,47.0,46.5
830,TA_36,TA_37,9.5,8.0,2.0,19.5,6.0,10.0,2.0,18.0,18.75
831,TA_36,TA_37,6.5,13.0,6.0,25.5,9.5,14.0,7.0,30.5,28.0
832,TA_36,TA_37,11.0,3.5,3.0,17.5,11.5,6.0,4.0,21.5,19.5
833,TA_36,TA_37,12.0,9.0,2.0,23.0,13.0,11.5,2.0,26.5,24.75
834,TA_36,TA_37,5.5,9.0,6.5,21.0,6.0,9.5,13.0,28.5,24.75
835,TA_36,TA_37,16.0,11.0,6.0,33.0,21.0,12.5,7.0,40.5,36.75
836,TA_36,TA_37,21.5,0.0,0.0,21.5,16.0,0.0,0.0,16.0,18.75
837,TA_36,TA_37,4.5,6.5,5.0,16.0,8.0,5.0,6.0,19.0,17.5
838,TA_36,TA_37,20.5,12.5,17.5,50.5,23.5,12.0,20.0,55.5,53.0
839,TA_36,TA_37,18.0,12.5,9.0,39.5,17.0,14.0,12.5,43.5,41.5
840,TA_36,TA_37,16.0,7.5,9.5,33.0,15.5,9.5,10.0,35.0,34.0
841,TA_38,TA_51,12.5,13.5,11.0,37.0,8.0,11.0,4.75,23.75,30.375
842,TA_38,TA_47,6.0,0.0,3.0,9.0,5.0,0.0,4.0,9.0,9.0
843,TA_38,TA_46,6.5,8.5,6.0,21.0,3.0,7.5,5.0,15.5,18.25
844,TA_38,TA_48,19.5,13.5,13.0,46.0,17.5,11.0,12.0,40.5,43.25
845,TA_38,TA_51,10.5,12.5,3.0,26.0,10.0,13.0,4.5,27.5,26.75
846,TA_38,TA_48,13.5,0.0,4.0,17.5,12.0,0.0,3.0,15.0,16.25
847,TA_38,TA_33,8.0,9.5,9.5,27.0,6.0,9.0,5.0,20.0,23.5
848,TA_38,TA_46,13.5,10.5,7.5,31.5,13.0,11.5,7.0,31.5,31.5
849,TA_38,TA_48,18.0,11.5,2.5,32.0,17.0,9.0,2.0,28.0,30.0
850,TA_38,TA_51,15.0,10.0,6.5,31.5,13.5,10.0,7.0,30.5,31.0
851,TA_38,TA_48,20.0,0.0,18.5,38.5,16.0,0.0,16.0,32.0,35.25
852,TA_38,TA_46,7.5,11.5,8.5,27.5,8.0,12.5,4.0,24.5,26.0
853,TA_38,TA_48,9.0,12.5,5.5,27.0,4.0,11.0,2.0,17.0,22.0
854,TA_38,TA_51,20.0,12.5,19.0,51.5,19.5,15.0,19.75,54.25,52.875
855,TA_38,TA_48,0.0,11.0,9.5,20.5,0.0,6.0,9.0,15.0,17.75
856,TA_38,TA_46,14.0,0.0,4.0,18.0,12.0,0.0,3.0,15.0,16.5
857,TA_38,TA_33,15.0,12.0,7.0,34.0,13.0,13.0,6.0,32.0,33.0
858,TA_38,TA_48,11.5,13.0,6.5,31.0,10.0,12.0,10.0,32.0,31.5
859,TA_38,TA_51,12.5,13.5,8.0,34.0,10.0,12.0,8.75,30.75,32.375
860,TA_38,TA_48,16.5,15.0,10.0,41.5,13.0,14.0,10.0,37.0,39.25
861,TA_38,TA_46,21.0,9.0,21.0,51.0,19.0,9.5,17.0,45.5,48.25
862,TA_38,TA_48,19.0,14.0,15.0,48.0,18.0,14.0,16.0,48.0,48.0
863,TA_38,TA_51,9.5,13.0,2.0,24.5,5.5,12.0,2.0,19.5,22.0
864,TA_38,TA_48,19.0,11.5,14.0,44.5,13.0,9.0,10.0,32.0,38.25
865,TA_38,TA_46,20.0,10.5,5.0,35.5,17.0,10.0,5.0,32.0,33.75
866,TA_38,TA_48,13.0,10.5,9.5,33.0,11.0,8.0,5.0,24.0,28.5
867,TA_38,TA_51,16.5,1.0,2.0,19.5,16.0,1.0,2.0,19.0,19.25
868,TA_38,TA_33,20.0,11.0,10.0,41.0,19.5,12.0,9.0,40.5,40.75
869,TA_38,TA_48,13.5,13.0,5.5,32.0,13.0,13.5,4.0,30.5,31.25
870,TA_38,TA_46,15.0,14.0,20.5,49.5,13.0,12.5,15.0,40.5,45.0
871,TA_38,TA_48,16.5,11.5,6.0,34.0,11.0,12.0,6.0,29.0,31.5
872,TA_38,TA_51,12.0,12.5,17.0,41.5,12.0,14.0,10.75,36.75,39.125
873,TA_38,TA_48,11.5,9.5,0.0,21.0,7.0,7.0,0.0,14.0,17.5
874,TA_38,TA_46,11.5,13.0,18.0,42.5,10.0,13.0,14.0,37.0,39.75
875,TA_38,TA_48,8.5,8.5,7.5,24.5,8.0,8.0,6.0,22.0,23.25
876,TA_38,TA_51,16.0,12.5,11.5,40.0,15.0,14.0,5.0,34.0,37.0
877,TA_38,TA_48,18.0,12.5,19.5,50.0,16.0,12.0,16.0,44.0,47.0
878,TA_38,TA_46,12.0,11.5,7.5,31.0,16.0,12.5,7.0,35.5,33.25
879,TA_38,TA_48,12.5,15.5,15.0,43.0,10.0,13.0,16.0,39.0,41.0
880,TA_38,TA_51,14.0,10.5,21.0,45.5,13.0,14.0,21.25,48.25,46.875
881,TA_38,TA_48,9.0,7.5,10.0,26.5,2.0,0.0,12.0,14.0,20.25
882,TA_38,TA_46,20.0,14.0,19.0,53.0,14.0,14.0,15.0,43.0,48.0
883,TA_38,TA_33,19.0,14.0,14.0,47.0,18.0,13.0,15.0,46.0,46.5
884,TA_38,TA_48,16.5,14.0,18.0,48.5,18.0,14.0,16.0,48.0,48.25
885,TA_40,TA_41,14.0,12.0,5.0,31.0,17.0,13.5,6.5,37.0,34.0
886,TA_40,TA_41,9.0,8.75,0.0,17.75,9.0,8.5,0.5,18.0,17.875
887,TA_40,TA_41,25.0,17.0,8.5,50.5,25.5,17.0,7.5,50.0,50.25
888,TA_40,TA_41,5.0,0.0,4.0,9.0,9.0,0.0,6.5,15.5,12.25
889,TA_40,TA_41,15.0,0.0,15.0,30.0,18.5,0.0,15.5,34.0,32.0
890,TA_40,TA_41,14.0,9.0,3.0,26.0,16.5,10.0,3.5,30.0,28.0
891,TA_40,TA_41,9.0,7.0,0.0,16.0,13.5,5.5,0.5,19.5,17.75
892,TA_40,TA_41,25.5,17.0,12.0,54.5,23.5,17.0,13.0,53.5,54.0
893,TA_40,TA_41,10.0,6.75,0.0,16.75,10.5,5.5,0.0,16.0,16.375
894,TA_40,TA_41,22.0,17.0,17.5,56.5,23.0,17.0,16.5,56.5,56.5
895,TA_40,TA_41,11.5,12.5,18.0,42.0,14.5,10.5,19.0,44.0,43.0
896,TA_40,TA_41,20.0,14.0,17.0,51.0,19.0,14.0,17.5,50.5,50.75
897,TA_40,TA_33,11.0,10.75,5.5,27.25,12.0,12.0,9.0,33.0,30.125
898,TA_40,TA_41,8.5,13.0,4.0,25.5,11.0,11.5,4.5,27.0,26.25
899,TA_40,TA_41,13.0,13.0,12.5,38.5,18.0,6.0,13.5,37.5,38.0
900,TA_40,TA_41,9.0,8.25,6.0,23.25,11.0,6.5,11.5,29.0,26.125
901,TA_40,TA_41,14.5,0.0,10.5,25.0,15.0,0.0,15.0,30.0,27.5
902,TA_40,TA_41,13.5,11.0,10.0,34.5,15.5,13.5,13.0,42.0,38.25
903,TA_40,TA_33,4.5,3.0,5.5,13.0,8.5,1.0,8.0,17.5,15.25
904,TA_40,TA_41,16.5,8.5,3.0,28.0,19.5,9.0,6.5,35.0,31.5
905,TA_40,TA_41,12.5,8.5,7.0,28.0,11.0,8.5,10.0,29.5,28.75
906,TA_40,TA_41,17.0,8.0,11.0,36.0,17.0,7.5,12.0,36.5,36.25
907,TA_40,TA_41,15.5,13.0,16.0,44.5,19.0,13.0,16.0,48.0,46.25
908,TA_40,TA_41,6.5,11.25,5.5,23.25,11.5,11.5,10.5,33.5,28.375
909,TA_40,TA_41,17.0,17.0,6.0,40.0,16.5,16.0,7.5,40.0,40.0
910,TA_40,TA_41,10.0,12.25,2.0,24.25,15.0,13.0,2.0,30.0,27.125
911,TA_40,TA_41,11.5,12.5,14.0,38.0,16.0,12.0,12.0,40.0,39.0
912,TA_40,TA_41,11.0,6.75,5.5,23.25,16.0,6.5,7.0,29.5,26.375
913,TA_40,TA_41,9.0,9.5,2.0,20.5,11.0,7.5,2.5,21.0,20.75
914,TA_40,TA_41,3.0,4.0,10.0,17.0,9.0,4.0,12.5,25.5,21.25
915,TA_40,TA_41,12.5,12.0,11.0,35.5,17.5,10.5,10.5,38.5,37.0
916,TA_40,TA_41,3.0,5.5,2.5,11.0,3.0,5.5,4.5,13.0,12.0
917,TA_40,TA_41,4.5,11.0,12.0,27.5,9.0,11.0,14.0,34.0,30.75
918,TA_40,TA_41,14.0,13.5,10.5,38.0,16.5,14.0,14.5,45.0,41.5
919,TA_40,TA_41,12.5,14.0,8.0,34.5,15.5,14.0,8.0,37.5,36.0
920,TA_40,TA_41,20.0,11.75,10.0,41.75,20.0,11.5,10.0,41.5,41.625
921,TA_40,TA_41,24.0,16.25,20.5,60.75,25.5,15.5,21.5,62.5,61.625
922,TA_40,TA_41,13.0,17.0,19.0,49.0,15.0,17.0,20.0,52.0,50.5
923,TA_40,TA_41,4.0,5.5,4.0,13.5,7.0,10.5,8.0,25.5,19.5
924,TA_40,TA_41,2.5,0.0,2.0,4.5,4.25,2.0,1.5,7.75,6.125
925,TA_40,TA_41,7.0,6.25,10.5,23.75,9.0,7.0,15.0,31.0,27.375
926,TA_40,TA_41,8.0,10.0,12.5,30.5,10.0,14.0,12.5,36.5,33.5
927,TA_40,TA_41,11.5,8.75,6.0,26.25,9.5,9.0,7.0,25.5,25.875
928,TA_40,TA_41,19.0,12.75,18.0,49.75,17.0,13.5,14.5,45.0,47.375
929,TA_40,TA_41,12.5,0.0,0.0,12.5,10.5,0.0,0.0,10.5,11.5
930,TA_40,TA_41,20.0,13.0,18.0,51.0,20.5,11.5,18.0,50.0,50.5
931,TA_42,TA_43,20.0,14.0,6.0,40.0,20.0,12.5,12.0,44.5,42.25
932,TA_42,TA_43,11.5,9.0,2.0,22.5,14.5,9.5,3.0,27.0,24.75
933,TA_42,TA_43,0.0,1.0,0.0,1.0,1.5,4.0,0.0,5.5,3.25
934,TA_42,TA_43,2.0,4.0,0.5,6.5,6.0,6.5,1.0,13.5,10.0
935,TA_42,TA_43,3.0,5.0,2.0,10.0,9.0,5.0,2.0,16.0,13.0
936,TA_42,TA_43,3.0,0.0,4.0,7.0,5.5,6.5,7.0,19.0,13.0
937,TA_42,TA_43,9.0,0.0,5.0,14.0,13.5,0.0,7.0,20.5,17.25
938,TA_42,TA_43,9.0,13.0,16.0,38.0,10.5,12.0,17.5,40.0,39.0
939,TA_42,TA_43,5.0,9.0,6.0,20.0,8.0,11.0,5.0,24.0,22.0
940,TA_42,TA_43,8.0,5.0,0.0,13.0,15.5,4.5,0.0,20.0,16.5
941,TA_42,TA_43,6.0,17.0,10.0,33.0,9.5,17.0,21.5,48.0,40.5
942,TA_42,TA_43,7.0,12.0,6.0,25.0,6.0,12.0,5.0,23.0,24.0
943,TA_42,TA_43,3.5,1.5,2.0,7.0,2.5,1.0,2.0,5.5,6.25
944,TA_42,TA_43,4.0,4.0,0.0,8.0,5.0,8.5,0.0,13.5,10.75
945,TA_42,TA_43,0.0,0.0,0.0,0.0,0.0,5.0,0.0,5.0,2.5
946,TA_42,TA_43,6.0,5.0,0.0,11.0,4.0,6.5,0.0,10.5,10.75
947,TA_42,TA_43,6.0,12.0,8.0,26.0,5.5,11.5,8.5,25.5,25.75
948,TA_42,TA_43,5.0,4.0,0.0,9.0,11.0,8.0,17.5,36.5,22.75
949,TA_42,TA_43,9.0,7.0,5.0,21.0,16.0,7.0,7.0,30.0,25.5
950,TA_42,TA_43,13.0,9.0,5.0,27.0,16.5,8.5,5.0,30.0,28.5
951,TA_42,TA_43,0.0,0.0,0.0,0.0,0.0,1.0,0.0,1.0,0.5
952,TA_42,TA_43,2.0,5.0,0.0,7.0,2.0,6.0,0.0,8.0,7.5
953,TA_42,TA_43,21.0,12.0,15.0,48.0,16.0,12.0,18.0,46.0,47.0
954,TA_42,TA_43,15.0,4.0,4.0,23.0,15.0,3.5,4.0,22.5,22.75
955,TA_42,TA_43,8.0,7.0,0.0,15.0,13.0,7.0,0.0,20.0,17.5
956,TA_42,TA_43,15.0,12.0,5.0,32.0,12.5,10.0,10.0,32.5,32.25
957,TA_42,TA_43,7.0,5.0,4.0,16.0,13.0,13.0,17.0,43.0,29.5
958,TA_42,TA_43,6.0,6.0,11.0,23.0,5.5,3.5,14.0,23.0,23.0
959,TA_42,TA_43,9.0,11.5,16.0,36.5,11.0,14.0,19.0,44.0,40.25
960,TA_42,TA_43,9.0,0.0,2.5,11.5,10.0,8.5,2.0,20.5,16.0
961,TA_42,TA_43,0.0,17.0,20.0,37.0,2.0,17.0,20.5,39.5,38.25
962,TA_42,TA_43,4.0,2.0,2.0,8.0,13.0,5.0,18.0,36.0,22.0
963,TA_42,TA_43,20.0,11.5,19.0,50.5,17.5,13.5,16.0,47.0,48.75
964,TA_42,TA_43,18.0,12.0,3.0,33.0,17.0,12.0,3.0,32.0,32.5
965,TA_42,TA_43,2.0,8.0,2.0,12.0,1.0,5.0,3.0,9.0,10.5
966,TA_42,TA_43,6.0,8.0,7.0,21.0,10.0,10.0,8.0,28.0,24.5
967,TA_42,TA_43,24.0,17.0,9.0,50.0,25.0,17.0,10.0,52.0,51.0
968,TA_42,TA_43,9.0,0.0,0.0,9.0,11.5,0.0,2.0,13.5,11.25
969,TA_44,TA_33,21.0,0.0,8.5,29.5,21.0,17.0,12.0,50.0,39.75
970,TA_44,TA_41,20.0,13.5,11.0,44.5,16.0,14.0,12.5,42.5,43.5
971,TA_44,TA_43,0.0,0.0,0.0,0.0,1.0,0.0,1.0,2.0,1.0
972,TA_44,TA_33,6.0,0.0,3.5,9.5,3.0,0.0,4.0,7.0,8.25
973,TA_44,TA_33,18.5,17.0,20.0,55.5,21.0,17.0,17.0,55.0,55.25
974,TA_44,TA_33,12.5,9.0,4.5,26.0,13.0,9.0,4.0,26.0,26.0
975,TA_44,TA_33,9.5,8.5,7.5,25.5,18.0,9.5,11.0,38.5,32.0
976,TA_44,TA_41,5.5,0.0,0.0,5.5,4.0,0.0,0.0,4.0,4.75
977,TA_44,TA_33,8.5,1.0,11.0,20.5,7.0,0.0,9.0,16.0,18.25
978,TA_44,TA_43,10.5,6.0,10.5,27.0,9.0,8.5,8.0,25.5,26.25
979,TA_44,TA_33,9.5,8.5,6.5,24.5,8.0,11.0,6.0,25.0,24.75
980,TA_44,TA_33,14.0,0.0,0.0,14.0,11.0,0.0,0.0,11.0,12.5
981,TA_44,TA_33,17.5,13.0,19.0,49.5,18.0,17.0,17.0,52.0,50.75
982,TA_44,TA_33,5.5,4.0,0.5,10.0,2.5,4.0,1.5,8.0,9.0
983,TA_44,TA_51,15.0,12.5,11.5,39.0,12.5,12.0,11.75,36.25,37.625
984,TA_44,TA_41,8.5,10.0,11.5,30.0,7.5,10.0,12.0,29.5,29.75
985,TA_44,TA_33,10.0,9.0,12.5,31.5,11.5,13.0,11.0,35.5,33.5
986,TA_44,TA_33,16.0,9.0,13.5,38.5,10.0,11.5,9.0,30.5,34.5
987,TA_44,TA_33,15.5,10.5,8.5,34.5,16.0,12.5,9.0,37.5,36.0
988,TA_44,TA_33,19.0,14.0,0.0,33.0,23.5,14.0,0.0,37.5,35.25
989,TA_44,TA_33,16.0,9.5,0.0,25.5,20.0,11.5,0.0,31.5,28.5
990,TA_44,TA_33,7.5,8.5,10.0,26.0,5.0,8.5,11.0,24.5,25.25
991,TA_44,TA_33,9.0,7.5,3.5,20.0,13.0,10.0,3.0,26.0,23.0
992,TA_44,TA_33,19.5,15.0,19.0,53.5,19.0,16.0,17.0,52.0,52.75
993,TA_44,TA_33,8.0,6.0,11.0,25.0,5.0,8.5,11.0,24.5,24.75
994,TA_44,TA_33,23.0,13.5,17.5,54.0,23.0,17.0,19.0,59.0,56.5
995,TA_44,TA_48,15.5,12.5,25.0,53.0,19.0,13.0,19.0,51.0,52.0
996,TA_44,TA_46,11.5,12.0,12.0,35.5,15.5,14.0,8.0,37.5,36.5
997,TA_44,TA_33,13.0,10.0,17.0,40.0,20.0,10.0,10.5,40.5,40.25
998,TA_45,TA_16,21.588,12.736,13.846,48.17,6.5,8.0,13.0,27.5,37.835
999,TA_45,TA_2,0.0,0.0,0.0,0.0,0.0,0.0,0.0,0.0,0.0
1000,TA_45,TA_8,20.72,8.896,15.87,45.486,14.0,12.45,12.75,39.2,42.343
1001,TA_45,TA_8,11.48,4.48,0.0,15.96,3.0,0.0,0.0,3.0,9.48
1002,TA_45,TA_14,17.304,11.2,15.295,43.799,8.0,0.0,8.5,16.5,30.1495
1003,TA_45,TA_6,20.02,0.0,0.0,20.02,10.0,0.0,0.0,10.0,15.01
1004,TA_45,TA_4,29.4,16.0,23.046,68.446,22.0,17.0,17.75,56.75,62.598
1005,TA_45,TA_20,17.864,9.856,0.0,27.72,15.0,11.5,0.0,26.5,27.11
1006,TA_45,TA_8,28.0,4.48,15.272,47.752,8.25,1.0,7.5,16.75,32.251000000000005
1007,TA_45,TA_10,25.48,11.776,21.712,58.968,14.0,12.0,16.0,42.0,50.484
1008,TA_45,TA_4,29.4,0.0,10.12,39.519999999999996,16.0,0.0,5.5,21.5,30.509999999999998
1009,TA_45,TA_6,14.84,0.0,0.0,14.84,7.0,0.0,0.0,7.0,10.92
1010,TA_45,TA_10,15.68,16.0,16.79,48.47,10.5,14.0,5.0,29.5,38.985
1011,TA_45,TA_14,25.2,11.2,16.1,52.5,18.0,0.0,2.0,20.0,36.25
1012,TA_45,TA_14,26.6,8.896,12.282,47.778000000000006,16.0,9.5,11.0,36.5,42.139
1013,TA_45,TA_14,10.976,6.24,0.0,17.216,11.0,7.0,0.0,18.0,17.608
1014,TA_45,TA_4,22.4,13.12,22.77,58.28999999999999,17.0,16.0,16.5,49.5,53.894999999999996
1015,TA_45,TA_16,17.668,12.736,12.88,43.284,14.5,8.5,7.0,30.0,36.641999999999996
1016,TA_45,TA_6,24.64,15.04,20.7,60.379999999999995,21.0,13.5,15.75,50.25,55.315
1017,TA_45,TA_8,28.0,11.2,24.15,63.35,20.0,16.0,20.5,56.5,59.925
1018,TA_45,TA_4,25.48,16.0,22.54,64.02000000000001,24.0,17.0,21.0,62.0,63.010000000000005
1019,TA_45,TA_14,24.976,12.736,12.558,50.27,14.5,12.0,6.0,32.5,41.385000000000005
1020,TA_45,TA_14,17.192,11.2,0.0,28.392,14.0,12.5,0.0,26.5,27.445999999999998
1021,TA_45,TA_2,0.0,2.944,0.0,2.944,0.0,0.0,0.0,0.0,1.472
1022,TA_45,TA_14,26.32,12.736,8.74,47.796,10.0,11.0,6.0,27.0,37.397999999999996
1023,TA_45,TA_16,16.184,11.776,16.744,44.704,16.5,9.5,13.5,39.5,42.102000000000004
1024,TA_45,TA_10,20.02,8.576,4.6,33.196,5.0,1.0,2.0,8.0,20.598
1025,TA_45,TA_8,29.4,9.856,5.98,45.236000000000004,22.5,10.9,4.0,37.4,41.318
1026,TA_45,TA_8,17.64,11.2,7.084,35.924,5.0,11.75,4.5,21.25,28.587
1027,TA_45,TA_6,15.68,12.64,17.02,45.34,8.5,6.75,13.25,28.5,36.92
1028,TA_45,TA_10,19.712,10.368,12.328,42.408,5.0,5.0,4.0,14.0,28.204
1029,TA_45,TA_20,28.0,10.24,15.939,54.179,14.5,10.0,9.0,33.5,43.8395
1030,TA_45,TA_16,23.52,3.136,15.18,41.836,0.0,8.5,12.0,20.5,31.168
1031,TA_45,TA_20,24.92,9.856,13.846,48.622,14.5,12.0,8.0,34.5,41.561
1032,TA_45,TA_8,24.92,0.0,8.05,32.97,10.25,0.0,3.0,13.25,23.11
1033,TA_45,TA_10,28.0,14.4,19.32,61.72,22.0,14.0,16.0,52.0,56.86
1034,TA_45,TA_10,26.32,11.2,19.412,56.931999999999995,21.0,14.0,18.0,53.0,54.965999999999994
1035,TA_39,TA_2,14.5,14.0,13.0,41.5,13.5,10.0,10.5,34.0,37.75
1036,TA_39,TA_2,13.0,10.0,6.5,29.5,14.5,6.5,6.0,27.0,28.25
1037,TA_39,TA_2,18.0,11.25,14.5,43.75,14.5,10.0,11.5,36.0,39.875
1038,TA_39,TA_2,4.0,12.0,4.0,20.0,5.5,11.0,5.5,22.0,21.0
