timestamp,tag,student,question,run,model,use_solution,use_reasoning,use_breakdown,use_guidelines,strictness,temperature,score,bonus
2026-08-15 09:09:31,IA136_m-qwen3-coder-next_sol1_gd0_rs0_bd1_str-neutral_t05_n5,1,1,1,Qwen/Qwen3-Coder-Next,1,0,1,0,neutral,0.5,12.0,0.0
2026-08-15 09:09:35,IA136_m-qwen3-coder-next_sol1_gd0_rs0_bd1_str-neutral_t05_n5,1,1,2,Qwen/Qwen3-Coder-Next,1,0,1,0,neutral,0.5,12.0,0.0
2026-08-15 09:09:39,IA136_m-qwen3-coder-next_sol1_gd0_rs0_bd1_str-neutral_t05_n5,1,1,3,Qwen/Qwen3-Coder-Next,1,0,1,0,neutral,0.5,13.5,0.0
2026-08-15 09:09:44,IA136_m-qwen3-coder-next_sol1_gd0_rs0_bd1_str-neutral_t05_n5,1,1,4,Qwen/Qwen3-Coder-Next,1,0,1,0,neutral,0.5,13.5,0.0
2026-08-15 09:09:48,IA136_m-qwen3-coder-next_sol1_gd0_rs0_bd1_str-neutral_t05_n5,1,1,5,Qwen/Qwen3-Coder-Next,1,0,1,0,neutral,0.5,11.5,0.0
2026-08-15 09:09:52,IA136_m-qwen3-coder-next_sol1_gd0_rs0_bd1_str-neutral_t05_n5,1,3,1,Qwen/Qwen3-Coder-Next,1,0,1,0,neutral,0.5,3.5,0.0
2026-08-15 09:09:56,IA136_m-qwen3-coder-next_sol1_gd0_rs0_bd1_str-neutral_t05_n5,1,3,2,Qwen/Qwen3-Coder-Next,1,0,1,0,neutral,0.5,2.0,0.0
2026-08-15 09:10:00,IA136_m-qwen3-coder-next_sol1_gd0_rs0_bd1_str-neutral_t05_n5,1,3,3,Qwen/Qwen3-Coder-Next,1,0,1,0,neutral,0.5,2.0,0.0
2026-08-15 09:10:03,IA136_m-qwen3-coder-next_sol1_gd0_rs0_bd1_str-neutral_t05_n5,1,3,4,Qwen/Qwen3-Coder-Next,1,0,1,0,neutral,0.5,4.0,0.0
2026-08-15 09:10:07,IA136_m-qwen3-coder-next_sol1_gd0_rs0_bd1_str-neutral_t05_n5,1,3,5,Qwen/Qwen3-Coder-Next,1,0,1,0,neutral,0.5,2.0,0.0
2026-08-15 09:10:12,IA136_m-qwen3-coder-next_sol1_gd0_rs0_bd1_str-neutral_t05_n5,2,1,1,Qwen/Qwen3-Coder-Next,1,0,1,0,neutral,0.5,2.5,0.0
2026-08-15 09:10:18,IA136_m-qwen3-coder-next_sol1_gd0_rs0_bd1_str-neutral_t05_n5,2,1,2,Qwen/Qwen3-Coder-Next,1,0,1,0,neutral,0.5,4.0,0.0
2026-08-15 09:10:24,IA136_m-qwen3-coder-next_sol1_gd0_rs0_bd1_str-neutral_t05_n5,2,1,3,Qwen/Qwen3-Coder-Next,1,0,1,0,neutral,0.5,3.5,0.0
2026-08-15 09:10:29,IA136_m-qwen3-coder-next_sol1_gd0_rs0_bd1_str-neutral_t05_n5,2,1,4,Qwen/Qwen3-Coder-Next,1,0,1,0,neutral,0.5,3.0,0.0
2026-08-15 09:10:35,IA136_m-qwen3-coder-next_sol1_gd0_rs0_bd1_str-neutral_t05_n5,2,1,5,Qwen/Qwen3-Coder-Next,1,0,1,0,neutral,0.5,2.5,0.0
2026-08-15 09:10:38,IA136_m-qwen3-coder-next_sol1_gd0_rs0_bd1_str-neutral_t05_n5,2,2,1,Qwen/Qwen3-Coder-Next,1,0,1,0,neutral,0.5,0.0,0.0
2026-08-15 09:10:40,IA136_m-qwen3-coder-next_sol1_gd0_rs0_bd1_str-neutral_t05_n5,2,2,2,Qwen/Qwen3-Coder-Next,1,0,1,0,neutral,0.5,0.0,0.0
2026-08-15 09:10:43,IA136_m-qwen3-coder-next_sol1_gd0_rs0_bd1_str-neutral_t05_n5,2,2,3,Qwen/Qwen3-Coder-Next,1,0,1,0,neutral,0.5,0.0,0.0
2026-08-15 09:10:46,IA136_m-qwen3-coder-next_sol1_gd0_rs0_bd1_str-neutral_t05_n5,2,2,4,Qwen/Qwen3-Coder-Next,1,0,1,0,neutral,0.5,0.0,0.0
2026-08-15 09:10:48,IA136_m-qwen3-coder-next_sol1_gd0_rs0_bd1_str-neutral_t05_n5,2,2,5,Qwen/Qwen3-Coder-Next,1,0,1,0,neutral,0.5,0.0,0.0
2026-08-15 09:10:52,IA136_m-qwen3-coder-next_sol1_gd0_rs0_bd1_str-neutral_t05_n5,2,3,1,Qwen/Qwen3-Coder-Next,1,0,1,0,neutral,0.5,0.0,0.0
2026-08-15 09:10:55,IA136_m-qwen3-coder-next_sol1_gd0_rs0_bd1_str-neutral_t05_n5,2,3,2,Qwen/Qwen3-Coder-Next,1,0,1,0,neutral,0.5,0.0,0.0
2026-08-15 09:10:58,IA136_m-qwen3-coder-next_sol1_gd0_rs0_bd1_str-neutral_t05_n5,2,3,3,Qwen/Qwen3-Coder-Next,1,0,1,0,neutral,0.5,0.0,0.0
2026-08-15 09:11:03,IA136_m-qwen3-coder-next_sol1_gd0_rs0_bd1_str-neutral_t05_n5,2,3,4,Qwen/Qwen3-Coder-Next,1,0,1,0,neutral,0.5,0.0,0.0
2026-08-15 09:11:06,IA136_m-qwen3-coder-next_sol1_gd0_rs0_bd1_str-neutral_t05_n5,2,3,5,Qwen/Qwen3-Coder-Next,1,0,1,0,neutral,0.5,0.0,0.0
2026-08-15 09:11:10,IA136_m-qwen3-coder-next_sol1_gd0_rs0_bd1_str-neutral_t05_n5,3,1,1,Qwen/Qwen3-Coder-Next,1,0,1,0,neutral,0.5,5.0,0.0
2026-08-15 09:11:14,IA136_m-qwen3-coder-next_sol1_gd0_rs0_bd1_str-neutral_t05_n5,3,1,2,Qwen/Qwen3-Coder-Next,1,0,1,0,neutral,0.5,12.5,0.0
2026-08-15 09:11:18,IA136_m-qwen3-coder-next_sol1_gd0_rs0_bd1_str-neutral_t05_n5,3,1,3,Qwen/Qwen3-Coder-Next,1,0,1,0,neutral,0.5,8.0,0.0
2026-08-15 09:11:22,IA136_m-qwen3-coder-next_sol1_gd0_rs0_bd1_str-neutral_t05_n5,3,1,4,Qwen/Qwen3-Coder-Next,1,0,1,0,neutral,0.5,5.0,0.0
2026-08-15 09:11:31,IA136_m-qwen3-coder-next_sol1_gd0_rs0_bd1_str-neutral_t05_n5,3,1,5,Qwen/Qwen3-Coder-Next,1,0,1,0,neutral,0.5,10.5,0.0
2026-08-15 09:11:34,IA136_m-qwen3-coder-next_sol1_gd0_rs0_bd1_str-neutral_t05_n5,3,2,1,Qwen/Qwen3-Coder-Next,1,0,1,0,neutral,0.5,0.0,0.0
2026-08-15 09:11:37,IA136_m-qwen3-coder-next_sol1_gd0_rs0_bd1_str-neutral_t05_n5,3,2,2,Qwen/Qwen3-Coder-Next,1,0,1,0,neutral,0.5,0.0,0.0
2026-08-15 09:11:40,IA136_m-qwen3-coder-next_sol1_gd0_rs0_bd1_str-neutral_t05_n5,3,2,3,Qwen/Qwen3-Coder-Next,1,0,1,0,neutral,0.5,0.0,0.0
2026-08-15 09:11:42,IA136_m-qwen3-coder-next_sol1_gd0_rs0_bd1_str-neutral_t05_n5,3,2,4,Qwen/Qwen3-Coder-Next,1,0,1,0,neutral,0.5,0.0,0.0
2026-08-15 09:11:45,IA136_m-qwen3-coder-next_sol1_gd0_rs0_bd1_str-neutral_t05_n5,3,2,5,Qwen/Qwen3-Coder-Next,1,0,1,0,neutral,0.5,0.0,0.0
2026-08-15 09:11:50,IA136_m-qwen3-coder-next_sol1_gd0_rs0_bd1_str-neutral_t05_n5,3,3,1,Qwen/Qwen3-Coder-Next,1,0,1,0,neutral,0.5,1.5,0.0
2026-08-15 09:11:54,IA136_m-qwen3-coder-next_sol1_gd0_rs0_bd1_str-neutral_t05_n5,3,3,2,Qwen/Qwen3-Coder-Next,1,0,1,0,neutral,0.5,4.0,0.0
2026-08-15 09:11:58,IA136_m-qwen3-coder-next_sol1_gd0_rs0_bd1_str-neutral_t05_n5,3,3,3,Qwen/Qwen3-Coder-Next,1,0,1,0,neutral,0.5,8.5,0.0
2026-08-15 09:12:02,IA136_m-qwen3-coder-next_sol1_gd0_rs0_bd1_str-neutral_t05_n5,3,3,4,Qwen/Qwen3-Coder-Next,1,0,1,0,neutral,0.5,4.0,0.0
2026-08-15 09:12:05,IA136_m-qwen3-coder-next_sol1_gd0_rs0_bd1_str-neutral_t05_n5,3,3,5,Qwen/Qwen3-Coder-Next,1,0,1,0,neutral,0.5,6.5,0.0
2026-08-15 09:12:09,IA136_m-qwen3-coder-next_sol1_gd0_rs0_bd1_str-neutral_t05_n5,4,1,1,Qwen/Qwen3-Coder-Next,1,0,1,0,neutral,0.5,6.5,0.0
2026-08-15 09:12:14,IA136_m-qwen3-coder-next_sol1_gd0_rs0_bd1_str-neutral_t05_n5,4,1,2,Qwen/Qwen3-Coder-Next,1,0,1,0,neutral,0.5,10.5,0.0
2026-08-15 09:12:18,IA136_m-qwen3-coder-next_sol1_gd0_rs0_bd1_str-neutral_t05_n5,4,1,3,Qwen/Qwen3-Coder-Next,1,0,1,0,neutral,0.5,10.5,0.0
2026-08-15 09:12:22,IA136_m-qwen3-coder-next_sol1_gd0_rs0_bd1_str-neutral_t05_n5,4,1,4,Qwen/Qwen3-Coder-Next,1,0,1,0,neutral,0.5,10.5,0.0
2026-08-15 09:12:26,IA136_m-qwen3-coder-next_sol1_gd0_rs0_bd1_str-neutral_t05_n5,4,1,5,Qwen/Qwen3-Coder-Next,1,0,1,0,neutral,0.5,10.5,0.0
2026-08-15 09:12:32,IA136_m-qwen3-coder-next_sol1_gd0_rs0_bd1_str-neutral_t05_n5,4,2,1,Qwen/Qwen3-Coder-Next,1,0,1,0,neutral,0.5,4.0,0.0
2026-08-15 09:12:37,IA136_m-qwen3-coder-next_sol1_gd0_rs0_bd1_str-neutral_t05_n5,4,2,2,Qwen/Qwen3-Coder-Next,1,0,1,0,neutral,0.5,3.0,0.0
2026-08-15 09:12:41,IA136_m-qwen3-coder-next_sol1_gd0_rs0_bd1_str-neutral_t05_n5,4,2,3,Qwen/Qwen3-Coder-Next,1,0,1,0,neutral,0.5,6.0,0.0
2026-08-15 09:12:44,IA136_m-qwen3-coder-next_sol1_gd0_rs0_bd1_str-neutral_t05_n5,4,2,4,Qwen/Qwen3-Coder-Next,1,0,1,0,neutral,0.5,5.0,0.0
2026-08-15 09:12:51,IA136_m-qwen3-coder-next_sol1_gd0_rs0_bd1_str-neutral_t05_n5,4,2,5,Qwen/Qwen3-Coder-Next,1,0,1,0,neutral,0.5,4.0,0.0
2026-08-15 09:12:55,IA136_m-qwen3-coder-next_sol1_gd0_rs0_bd1_str-neutral_t05_n5,4,3,1,Qwen/Qwen3-Coder-Next,1,0,1,0,neutral,0.5,11.5,0.0
2026-08-15 09:12:59,IA136_m-qwen3-coder-next_sol1_gd0_rs0_bd1_str-neutral_t05_n5,4,3,2,Qwen/Qwen3-Coder-Next,1,0,1,0,neutral,0.5,6.0,0.0
2026-08-15 09:13:03,IA136_m-qwen3-coder-next_sol1_gd0_rs0_bd1_str-neutral_t05_n5,4,3,3,Qwen/Qwen3-Coder-Next,1,0,1,0,neutral,0.5,10.5,0.0
2026-08-15 09:13:07,IA136_m-qwen3-coder-next_sol1_gd0_rs0_bd1_str-neutral_t05_n5,4,3,4,Qwen/Qwen3-Coder-Next,1,0,1,0,neutral,0.5,9.0,0.0
2026-08-15 09:13:11,IA136_m-qwen3-coder-next_sol1_gd0_rs0_bd1_str-neutral_t05_n5,4,3,5,Qwen/Qwen3-Coder-Next,1,0,1,0,neutral,0.5,8.0,0.0
2026-08-15 09:13:15,IA136_m-qwen3-coder-next_sol1_gd0_rs0_bd1_str-neutral_t05_n5,5,1,1,Qwen/Qwen3-Coder-Next,1,0,1,0,neutral,0.5,12.5,0.0
2026-08-15 09:13:20,IA136_m-qwen3-coder-next_sol1_gd0_rs0_bd1_str-neutral_t05_n5,5,1,2,Qwen/Qwen3-Coder-Next,1,0,1,0,neutral,0.5,10.5,0.0
2026-08-15 09:13:24,IA136_m-qwen3-coder-next_sol1_gd0_rs0_bd1_str-neutral_t05_n5,5,1,3,Qwen/Qwen3-Coder-Next,1,0,1,0,neutral,0.5,12.5,0.0
2026-08-15 09:13:29,IA136_m-qwen3-coder-next_sol1_gd0_rs0_bd1_str-neutral_t05_n5,5,1,4,Qwen/Qwen3-Coder-Next,1,0,1,0,neutral,0.5,14.5,0.0
2026-08-15 09:13:33,IA136_m-qwen3-coder-next_sol1_gd0_rs0_bd1_str-neutral_t05_n5,5,1,5,Qwen/Qwen3-Coder-Next,1,0,1,0,neutral,0.5,12.5,0.0
2026-08-15 09:13:36,IA136_m-qwen3-coder-next_sol1_gd0_rs0_bd1_str-neutral_t05_n5,5,2,1,Qwen/Qwen3-Coder-Next,1,0,1,0,neutral,0.5,0.0,0.0
2026-08-15 09:13:39,IA136_m-qwen3-coder-next_sol1_gd0_rs0_bd1_str-neutral_t05_n5,5,2,2,Qwen/Qwen3-Coder-Next,1,0,1,0,neutral,0.5,0.0,0.0
2026-08-15 09:13:42,IA136_m-qwen3-coder-next_sol1_gd0_rs0_bd1_str-neutral_t05_n5,5,2,3,Qwen/Qwen3-Coder-Next,1,0,1,0,neutral,0.5,0.0,0.0
2026-08-15 09:13:45,IA136_m-qwen3-coder-next_sol1_gd0_rs0_bd1_str-neutral_t05_n5,5,2,4,Qwen/Qwen3-Coder-Next,1,0,1,0,neutral,0.5,0.0,0.0
2026-08-15 09:13:48,IA136_m-qwen3-coder-next_sol1_gd0_rs0_bd1_str-neutral_t05_n5,5,2,5,Qwen/Qwen3-Coder-Next,1,0,1,0,neutral,0.5,0.0,0.0
2026-08-15 09:13:51,IA136_m-qwen3-coder-next_sol1_gd0_rs0_bd1_str-neutral_t05_n5,5,3,1,Qwen/Qwen3-Coder-Next,1,0,1,0,neutral,0.5,0.0,0.0
2026-08-15 09:13:55,IA136_m-qwen3-coder-next_sol1_gd0_rs0_bd1_str-neutral_t05_n5,5,3,2,Qwen/Qwen3-Coder-Next,1,0,1,0,neutral,0.5,0.0,0.0
2026-08-15 09:13:58,IA136_m-qwen3-coder-next_sol1_gd0_rs0_bd1_str-neutral_t05_n5,5,3,3,Qwen/Qwen3-Coder-Next,1,0,1,0,neutral,0.5,0.0,0.0
2026-08-15 09:14:02,IA136_m-qwen3-coder-next_sol1_gd0_rs0_bd1_str-neutral_t05_n5,5,3,4,Qwen/Qwen3-Coder-Next,1,0,1,0,neutral,0.5,0.0,0.0
2026-08-15 09:14:05,IA136_m-qwen3-coder-next_sol1_gd0_rs0_bd1_str-neutral_t05_n5,5,3,5,Qwen/Qwen3-Coder-Next,1,0,1,0,neutral,0.5,0.0,0.0
2026-08-15 09:14:09,IA136_m-qwen3-coder-next_sol1_gd0_rs0_bd1_str-neutral_t05_n5,6,1,1,Qwen/Qwen3-Coder-Next,1,0,1,0,neutral,0.5,14.0,0.0
2026-08-15 09:14:14,IA136_m-qwen3-coder-next_sol1_gd0_rs0_bd1_str-neutral_t05_n5,6,1,2,Qwen/Qwen3-Coder-Next,1,0,1,0,neutral,0.5,17.0,0.0
2026-08-15 09:14:18,IA136_m-qwen3-coder-next_sol1_gd0_rs0_bd1_str-neutral_t05_n5,6,1,3,Qwen/Qwen3-Coder-Next,1,0,1,0,neutral,0.5,13.0,0.0
2026-08-15 09:14:22,IA136_m-qwen3-coder-next_sol1_gd0_rs0_bd1_str-neutral_t05_n5,6,1,4,Qwen/Qwen3-Coder-Next,1,0,1,0,neutral,0.5,13.5,0.0
2026-08-15 09:14:27,IA136_m-qwen3-coder-next_sol1_gd0_rs0_bd1_str-neutral_t05_n5,6,1,5,Qwen/Qwen3-Coder-Next,1,0,1,0,neutral,0.5,18.0,0.0
2026-08-15 09:14:30,IA136_m-qwen3-coder-next_sol1_gd0_rs0_bd1_str-neutral_t05_n5,6,2,1,Qwen/Qwen3-Coder-Next,1,0,1,0,neutral,0.5,0.0,0.0
2026-08-15 09:14:33,IA136_m-qwen3-coder-next_sol1_gd0_rs0_bd1_str-neutral_t05_n5,6,2,2,Qwen/Qwen3-Coder-Next,1,0,1,0,neutral,0.5,0.0,0.0
2026-08-15 09:14:35,IA136_m-qwen3-coder-next_sol1_gd0_rs0_bd1_str-neutral_t05_n5,6,2,3,Qwen/Qwen3-Coder-Next,1,0,1,0,neutral,0.5,0.0,0.0
2026-08-15 09:14:38,IA136_m-qwen3-coder-next_sol1_gd0_rs0_bd1_str-neutral_t05_n5,6,2,4,Qwen/Qwen3-Coder-Next,1,0,1,0,neutral,0.5,0.0,0.0
2026-08-15 09:14:41,IA136_m-qwen3-coder-next_sol1_gd0_rs0_bd1_str-neutral_t05_n5,6,2,5,Qwen/Qwen3-Coder-Next,1,0,1,0,neutral,0.5,0.0,0.0
2026-08-15 09:14:45,IA136_m-qwen3-coder-next_sol1_gd0_rs0_bd1_str-neutral_t05_n5,6,3,1,Qwen/Qwen3-Coder-Next,1,0,1,0,neutral,0.5,5.5,0.0
2026-08-15 09:14:49,IA136_m-qwen3-coder-next_sol1_gd0_rs0_bd1_str-neutral_t05_n5,6,3,2,Qwen/Qwen3-Coder-Next,1,0,1,0,neutral,0.5,2.5,0.0
2026-08-15 09:14:52,IA136_m-qwen3-coder-next_sol1_gd0_rs0_bd1_str-neutral_t05_n5,6,3,3,Qwen/Qwen3-Coder-Next,1,0,1,0,neutral,0.5,6.5,0.0
2026-08-15 09:15:00,IA136_m-qwen3-coder-next_sol1_gd0_rs0_bd1_str-neutral_t05_n5,6,3,4,Qwen/Qwen3-Coder-Next,1,0,1,0,neutral,0.5,6.0,0.0
2026-08-15 09:15:03,IA136_m-qwen3-coder-next_sol1_gd0_rs0_bd1_str-neutral_t05_n5,6,3,5,Qwen/Qwen3-Coder-Next,1,0,1,0,neutral,0.5,4.5,0.0
2026-08-15 09:15:09,IA136_m-qwen3-coder-next_sol1_gd0_rs0_bd1_str-neutral_t05_n5,7,1,1,Qwen/Qwen3-Coder-Next,1,0,1,0,neutral,0.5,5.5,0.0
2026-08-15 09:15:15,IA136_m-qwen3-coder-next_sol1_gd0_rs0_bd1_str-neutral_t05_n5,7,1,2,Qwen/Qwen3-Coder-Next,1,0,1,0,neutral,0.5,4.5,0.0
2026-08-15 09:15:21,IA136_m-qwen3-coder-next_sol1_gd0_rs0_bd1_str-neutral_t05_n5,7,1,3,Qwen/Qwen3-Coder-Next,1,0,1,0,neutral,0.5,3.5,0.0
2026-08-15 09:15:27,IA136_m-qwen3-coder-next_sol1_gd0_rs0_bd1_str-neutral_t05_n5,7,1,4,Qwen/Qwen3-Coder-Next,1,0,1,0,neutral,0.5,4.5,0.0
2026-08-15 09:15:33,IA136_m-qwen3-coder-next_sol1_gd0_rs0_bd1_str-neutral_t05_n5,7,1,5,Qwen/Qwen3-Coder-Next,1,0,1,0,neutral,0.5,8.5,0.0
2026-08-15 09:15:37,IA136_m-qwen3-coder-next_sol1_gd0_rs0_bd1_str-neutral_t05_n5,8,1,1,Qwen/Qwen3-Coder-Next,1,0,1,0,neutral,0.5,0.0,0.0
2026-08-15 09:15:40,IA136_m-qwen3-coder-next_sol1_gd0_rs0_bd1_str-neutral_t05_n5,8,1,2,Qwen/Qwen3-Coder-Next,1,0,1,0,neutral,0.5,0.0,0.0
2026-08-15 09:15:44,IA136_m-qwen3-coder-next_sol1_gd0_rs0_bd1_str-neutral_t05_n5,8,1,3,Qwen/Qwen3-Coder-Next,1,0,1,0,neutral,0.5,0.0,0.0
2026-08-15 09:15:48,IA136_m-qwen3-coder-next_sol1_gd0_rs0_bd1_str-neutral_t05_n5,8,1,4,Qwen/Qwen3-Coder-Next,1,0,1,0,neutral,0.5,0.0,0.0
2026-08-15 09:15:52,IA136_m-qwen3-coder-next_sol1_gd0_rs0_bd1_str-neutral_t05_n5,8,1,5,Qwen/Qwen3-Coder-Next,1,0,1,0,neutral,0.5,0.0,0.0
2026-08-15 09:15:55,IA136_m-qwen3-coder-next_sol1_gd0_rs0_bd1_str-neutral_t05_n5,8,2,1,Qwen/Qwen3-Coder-Next,1,0,1,0,neutral,0.5,0.0,0.0
2026-08-15 09:15:58,IA136_m-qwen3-coder-next_sol1_gd0_rs0_bd1_str-neutral_t05_n5,8,2,2,Qwen/Qwen3-Coder-Next,1,0,1,0,neutral,0.5,0.0,0.0
2026-08-15 09:16:00,IA136_m-qwen3-coder-next_sol1_gd0_rs0_bd1_str-neutral_t05_n5,8,2,3,Qwen/Qwen3-Coder-Next,1,0,1,0,neutral,0.5,0.0,0.0
2026-08-15 09:16:03,IA136_m-qwen3-coder-next_sol1_gd0_rs0_bd1_str-neutral_t05_n5,8,2,4,Qwen/Qwen3-Coder-Next,1,0,1,0,neutral,0.5,0.0,0.0
2026-08-15 09:16:06,IA136_m-qwen3-coder-next_sol1_gd0_rs0_bd1_str-neutral_t05_n5,8,2,5,Qwen/Qwen3-Coder-Next,1,0,1,0,neutral,0.5,0.0,0.0
2026-08-15 09:16:10,IA136_m-qwen3-coder-next_sol1_gd0_rs0_bd1_str-neutral_t05_n5,8,3,1,Qwen/Qwen3-Coder-Next,1,0,1,0,neutral,0.5,0.0,0.0
2026-08-15 09:16:14,IA136_m-qwen3-coder-next_sol1_gd0_rs0_bd1_str-neutral_t05_n5,8,3,2,Qwen/Qwen3-Coder-Next,1,0,1,0,neutral,0.5,0.0,0.0
2026-08-15 09:16:17,IA136_m-qwen3-coder-next_sol1_gd0_rs0_bd1_str-neutral_t05_n5,8,3,3,Qwen/Qwen3-Coder-Next,1,0,1,0,neutral,0.5,0.0,0.0
2026-08-15 09:16:21,IA136_m-qwen3-coder-next_sol1_gd0_rs0_bd1_str-neutral_t05_n5,8,3,4,Qwen/Qwen3-Coder-Next,1,0,1,0,neutral,0.5,0.0,0.0
2026-08-15 09:16:25,IA136_m-qwen3-coder-next_sol1_gd0_rs0_bd1_str-neutral_t05_n5,8,3,5,Qwen/Qwen3-Coder-Next,1,0,1,0,neutral,0.5,0.0,0.0
2026-08-15 09:16:29,IA136_m-qwen3-coder-next_sol1_gd0_rs0_bd1_str-neutral_t05_n5,9,1,1,Qwen/Qwen3-Coder-Next,1,0,1,0,neutral,0.5,10.5,0.0
2026-08-15 09:16:33,IA136_m-qwen3-coder-next_sol1_gd0_rs0_bd1_str-neutral_t05_n5,9,1,2,Qwen/Qwen3-Coder-Next,1,0,1,0,neutral,0.5,11.0,0.0
2026-08-15 09:16:38,IA136_m-qwen3-coder-next_sol1_gd0_rs0_bd1_str-neutral_t05_n5,9,1,3,Qwen/Qwen3-Coder-Next,1,0,1,0,neutral,0.5,10.0,0.0
2026-08-15 09:16:42,IA136_m-qwen3-coder-next_sol1_gd0_rs0_bd1_str-neutral_t05_n5,9,1,4,Qwen/Qwen3-Coder-Next,1,0,1,0,neutral,0.5,10.5,0.0
2026-08-15 09:16:47,IA136_m-qwen3-coder-next_sol1_gd0_rs0_bd1_str-neutral_t05_n5,9,1,5,Qwen/Qwen3-Coder-Next,1,0,1,0,neutral,0.5,10.5,0.0
2026-08-15 09:16:51,IA136_m-qwen3-coder-next_sol1_gd0_rs0_bd1_str-neutral_t05_n5,9,2,1,Qwen/Qwen3-Coder-Next,1,0,1,0,neutral,0.5,5.0,0.0
2026-08-15 09:16:55,IA136_m-qwen3-coder-next_sol1_gd0_rs0_bd1_str-neutral_t05_n5,9,2,2,Qwen/Qwen3-Coder-Next,1,0,1,0,neutral,0.5,5.0,0.0
2026-08-15 09:16:59,IA136_m-qwen3-coder-next_sol1_gd0_rs0_bd1_str-neutral_t05_n5,9,2,3,Qwen/Qwen3-Coder-Next,1,0,1,0,neutral,0.5,7.0,0.0
2026-08-15 09:17:03,IA136_m-qwen3-coder-next_sol1_gd0_rs0_bd1_str-neutral_t05_n5,9,2,4,Qwen/Qwen3-Coder-Next,1,0,1,0,neutral,0.5,6.0,0.0
2026-08-15 09:17:07,IA136_m-qwen3-coder-next_sol1_gd0_rs0_bd1_str-neutral_t05_n5,9,2,5,Qwen/Qwen3-Coder-Next,1,0,1,0,neutral,0.5,5.0,0.0
2026-08-15 09:17:10,IA136_m-qwen3-coder-next_sol1_gd0_rs0_bd1_str-neutral_t05_n5,9,3,1,Qwen/Qwen3-Coder-Next,1,0,1,0,neutral,0.5,1.5,0.0
2026-08-15 09:17:16,IA136_m-qwen3-coder-next_sol1_gd0_rs0_bd1_str-neutral_t05_n5,9,3,2,Qwen/Qwen3-Coder-Next,1,0,1,0,neutral,0.5,2.0,0.0
2026-08-15 09:17:22,IA136_m-qwen3-coder-next_sol1_gd0_rs0_bd1_str-neutral_t05_n5,9,3,3,Qwen/Qwen3-Coder-Next,1,0,1,0,neutral,0.5,3.5,0.0
2026-08-15 09:17:26,IA136_m-qwen3-coder-next_sol1_gd0_rs0_bd1_str-neutral_t05_n5,9,3,4,Qwen/Qwen3-Coder-Next,1,0,1,0,neutral,0.5,3.5,0.0
2026-08-15 09:17:30,IA136_m-qwen3-coder-next_sol1_gd0_rs0_bd1_str-neutral_t05_n5,9,3,5,Qwen/Qwen3-Coder-Next,1,0,1,0,neutral,0.5,2.5,0.0
2026-08-15 09:17:34,IA136_m-qwen3-coder-next_sol1_gd0_rs0_bd1_str-neutral_t05_n5,10,1,1,Qwen/Qwen3-Coder-Next,1,0,1,0,neutral,0.5,21.0,3.0
2026-08-15 09:17:38,IA136_m-qwen3-coder-next_sol1_gd0_rs0_bd1_str-neutral_t05_n5,10,1,2,Qwen/Qwen3-Coder-Next,1,0,1,0,neutral,0.5,21.0,3.0
2026-08-15 09:17:42,IA136_m-qwen3-coder-next_sol1_gd0_rs0_bd1_str-neutral_t05_n5,10,1,3,Qwen/Qwen3-Coder-Next,1,0,1,0,neutral,0.5,21.0,3.0
2026-08-15 09:17:46,IA136_m-qwen3-coder-next_sol1_gd0_rs0_bd1_str-neutral_t05_n5,10,1,4,Qwen/Qwen3-Coder-Next,1,0,1,0,neutral,0.5,21.5,3.0
2026-08-15 09:17:50,IA136_m-qwen3-coder-next_sol1_gd0_rs0_bd1_str-neutral_t05_n5,10,1,5,Qwen/Qwen3-Coder-Next,1,0,1,0,neutral,0.5,21.5,3.0
2026-08-15 09:17:54,IA136_m-qwen3-coder-next_sol1_gd0_rs0_bd1_str-neutral_t05_n5,10,2,1,Qwen/Qwen3-Coder-Next,1,0,1,0,neutral,0.5,14.0,3.0
2026-08-15 09:17:57,IA136_m-qwen3-coder-next_sol1_gd0_rs0_bd1_str-neutral_t05_n5,10,2,2,Qwen/Qwen3-Coder-Next,1,0,1,0,neutral,0.5,14.0,3.0
2026-08-15 09:18:01,IA136_m-qwen3-coder-next_sol1_gd0_rs0_bd1_str-neutral_t05_n5,10,2,3,Qwen/Qwen3-Coder-Next,1,0,1,0,neutral,0.5,14.0,3.0
2026-08-15 09:18:04,IA136_m-qwen3-coder-next_sol1_gd0_rs0_bd1_str-neutral_t05_n5,10,2,4,Qwen/Qwen3-Coder-Next,1,0,1,0,neutral,0.5,14.0,3.0
2026-08-15 09:18:07,IA136_m-qwen3-coder-next_sol1_gd0_rs0_bd1_str-neutral_t05_n5,10,2,5,Qwen/Qwen3-Coder-Next,1,0,1,0,neutral,0.5,14.0,3.0
2026-08-15 09:18:11,IA136_m-qwen3-coder-next_sol1_gd0_rs0_bd1_str-neutral_t05_n5,10,3,1,Qwen/Qwen3-Coder-Next,1,0,1,0,neutral,0.5,17.0,3.0
2026-08-15 09:18:15,IA136_m-qwen3-coder-next_sol1_gd0_rs0_bd1_str-neutral_t05_n5,10,3,2,Qwen/Qwen3-Coder-Next,1,0,1,0,neutral,0.5,15.0,3.0
2026-08-15 09:18:19,IA136_m-qwen3-coder-next_sol1_gd0_rs0_bd1_str-neutral_t05_n5,10,3,3,Qwen/Qwen3-Coder-Next,1,0,1,0,neutral,0.5,17.0,3.0
2026-08-15 09:18:28,IA136_m-qwen3-coder-next_sol1_gd0_rs0_bd1_str-neutral_t05_n5,10,3,4,Qwen/Qwen3-Coder-Next,1,0,1,0,neutral,0.5,17.0,3.0
2026-08-15 09:18:32,IA136_m-qwen3-coder-next_sol1_gd0_rs0_bd1_str-neutral_t05_n5,10,3,5,Qwen/Qwen3-Coder-Next,1,0,1,0,neutral,0.5,18.0,3.0
2026-08-15 09:18:37,IA136_m-qwen3-coder-next_sol1_gd0_rs0_bd1_str-neutral_t05_n5,11,1,1,Qwen/Qwen3-Coder-Next,1,0,1,0,neutral,0.5,12.5,0.0
2026-08-15 09:18:41,IA136_m-qwen3-coder-next_sol1_gd0_rs0_bd1_str-neutral_t05_n5,11,1,2,Qwen/Qwen3-Coder-Next,1,0,1,0,neutral,0.5,8.5,0.0
2026-08-15 09:18:45,IA136_m-qwen3-coder-next_sol1_gd0_rs0_bd1_str-neutral_t05_n5,11,1,3,Qwen/Qwen3-Coder-Next,1,0,1,0,neutral,0.5,10.0,0.0
2026-08-15 09:18:49,IA136_m-qwen3-coder-next_sol1_gd0_rs0_bd1_str-neutral_t05_n5,11,1,4,Qwen/Qwen3-Coder-Next,1,0,1,0,neutral,0.5,6.5,0.0
2026-08-15 09:18:53,IA136_m-qwen3-coder-next_sol1_gd0_rs0_bd1_str-neutral_t05_n5,11,1,5,Qwen/Qwen3-Coder-Next,1,0,1,0,neutral,0.5,8.5,0.0
2026-08-15 09:18:57,IA136_m-qwen3-coder-next_sol1_gd0_rs0_bd1_str-neutral_t05_n5,11,2,1,Qwen/Qwen3-Coder-Next,1,0,1,0,neutral,0.5,8.0,0.0
2026-08-15 09:19:06,IA136_m-qwen3-coder-next_sol1_gd0_rs0_bd1_str-neutral_t05_n5,11,2,2,Qwen/Qwen3-Coder-Next,1,0,1,0,neutral,0.5,10.0,0.0
2026-08-15 09:19:10,IA136_m-qwen3-coder-next_sol1_gd0_rs0_bd1_str-neutral_t05_n5,11,2,3,Qwen/Qwen3-Coder-Next,1,0,1,0,neutral,0.5,10.0,0.0
2026-08-15 09:19:13,IA136_m-qwen3-coder-next_sol1_gd0_rs0_bd1_str-neutral_t05_n5,11,2,4,Qwen/Qwen3-Coder-Next,1,0,1,0,neutral,0.5,8.0,0.0
2026-08-15 09:19:17,IA136_m-qwen3-coder-next_sol1_gd0_rs0_bd1_str-neutral_t05_n5,11,2,5,Qwen/Qwen3-Coder-Next,1,0,1,0,neutral,0.5,7.5,0.0
2026-08-15 09:19:20,IA136_m-qwen3-coder-next_sol1_gd0_rs0_bd1_str-neutral_t05_n5,11,3,1,Qwen/Qwen3-Coder-Next,1,0,1,0,neutral,0.5,0.0,0.0
2026-08-15 09:19:24,IA136_m-qwen3-coder-next_sol1_gd0_rs0_bd1_str-neutral_t05_n5,11,3,2,Qwen/Qwen3-Coder-Next,1,0,1,0,neutral,0.5,0.0,0.0
2026-08-15 09:19:27,IA136_m-qwen3-coder-next_sol1_gd0_rs0_bd1_str-neutral_t05_n5,11,3,3,Qwen/Qwen3-Coder-Next,1,0,1,0,neutral,0.5,0.0,0.0
2026-08-15 09:19:30,IA136_m-qwen3-coder-next_sol1_gd0_rs0_bd1_str-neutral_t05_n5,11,3,4,Qwen/Qwen3-Coder-Next,1,0,1,0,neutral,0.5,0.0,0.0
2026-08-15 09:19:34,IA136_m-qwen3-coder-next_sol1_gd0_rs0_bd1_str-neutral_t05_n5,11,3,5,Qwen/Qwen3-Coder-Next,1,0,1,0,neutral,0.5,0.0,0.0
2026-08-15 09:19:40,IA136_m-qwen3-coder-next_sol1_gd0_rs0_bd1_str-neutral_t05_n5,12,1,1,Qwen/Qwen3-Coder-Next,1,0,1,0,neutral,0.5,4.5,0.0
2026-08-15 09:19:46,IA136_m-qwen3-coder-next_sol1_gd0_rs0_bd1_str-neutral_t05_n5,12,1,2,Qwen/Qwen3-Coder-Next,1,0,1,0,neutral,0.5,4.5,0.0
2026-08-15 09:19:51,IA136_m-qwen3-coder-next_sol1_gd0_rs0_bd1_str-neutral_t05_n5,12,1,3,Qwen/Qwen3-Coder-Next,1,0,1,0,neutral,0.5,4.0,0.0
2026-08-15 09:19:57,IA136_m-qwen3-coder-next_sol1_gd0_rs0_bd1_str-neutral_t05_n5,12,1,4,Qwen/Qwen3-Coder-Next,1,0,1,0,neutral,0.5,2.5,0.0
2026-08-15 09:20:04,IA136_m-qwen3-coder-next_sol1_gd0_rs0_bd1_str-neutral_t05_n5,12,1,5,Qwen/Qwen3-Coder-Next,1,0,1,0,neutral,0.5,4.5,0.0
2026-08-15 09:20:08,IA136_m-qwen3-coder-next_sol1_gd0_rs0_bd1_str-neutral_t05_n5,12,2,1,Qwen/Qwen3-Coder-Next,1,0,1,0,neutral,0.5,6.0,0.0
2026-08-15 09:20:13,IA136_m-qwen3-coder-next_sol1_gd0_rs0_bd1_str-neutral_t05_n5,12,2,2,Qwen/Qwen3-Coder-Next,1,0,1,0,neutral,0.5,4.0,0.0
2026-08-15 09:20:17,IA136_m-qwen3-coder-next_sol1_gd0_rs0_bd1_str-neutral_t05_n5,12,2,3,Qwen/Qwen3-Coder-Next,1,0,1,0,neutral,0.5,4.0,0.0
2026-08-15 09:20:22,IA136_m-qwen3-coder-next_sol1_gd0_rs0_bd1_str-neutral_t05_n5,12,2,4,Qwen/Qwen3-Coder-Next,1,0,1,0,neutral,0.5,4.0,0.0
2026-08-15 09:20:26,IA136_m-qwen3-coder-next_sol1_gd0_rs0_bd1_str-neutral_t05_n5,12,2,5,Qwen/Qwen3-Coder-Next,1,0,1,0,neutral,0.5,5.5,0.0
2026-08-15 09:20:31,IA136_m-qwen3-coder-next_sol1_gd0_rs0_bd1_str-neutral_t05_n5,12,3,1,Qwen/Qwen3-Coder-Next,1,0,1,0,neutral,0.5,4.0,0.0
2026-08-15 09:20:37,IA136_m-qwen3-coder-next_sol1_gd0_rs0_bd1_str-neutral_t05_n5,12,3,2,Qwen/Qwen3-Coder-Next,1,0,1,0,neutral,0.5,4.0,0.0
2026-08-15 09:20:42,IA136_m-qwen3-coder-next_sol1_gd0_rs0_bd1_str-neutral_t05_n5,12,3,3,Qwen/Qwen3-Coder-Next,1,0,1,0,neutral,0.5,3.5,0.0
2026-08-15 09:20:48,IA136_m-qwen3-coder-next_sol1_gd0_rs0_bd1_str-neutral_t05_n5,12,3,4,Qwen/Qwen3-Coder-Next,1,0,1,0,neutral,0.5,2.5,0.0
2026-08-15 09:20:54,IA136_m-qwen3-coder-next_sol1_gd0_rs0_bd1_str-neutral_t05_n5,12,3,5,Qwen/Qwen3-Coder-Next,1,0,1,0,neutral,0.5,4.5,0.0
2026-08-15 09:20:58,IA136_m-qwen3-coder-next_sol1_gd0_rs0_bd1_str-neutral_t05_n5,13,1,1,Qwen/Qwen3-Coder-Next,1,0,1,0,neutral,0.5,10.5,0.0
2026-08-15 09:21:02,IA136_m-qwen3-coder-next_sol1_gd0_rs0_bd1_str-neutral_t05_n5,13,1,2,Qwen/Qwen3-Coder-Next,1,0,1,0,neutral,0.5,11.0,0.0
2026-08-15 09:21:06,IA136_m-qwen3-coder-next_sol1_gd0_rs0_bd1_str-neutral_t05_n5,13,1,3,Qwen/Qwen3-Coder-Next,1,0,1,0,neutral,0.5,10.0,0.0
2026-08-15 09:21:10,IA136_m-qwen3-coder-next_sol1_gd0_rs0_bd1_str-neutral_t05_n5,13,1,4,Qwen/Qwen3-Coder-Next,1,0,1,0,neutral,0.5,10.5,0.0
2026-08-15 09:21:14,IA136_m-qwen3-coder-next_sol1_gd0_rs0_bd1_str-neutral_t05_n5,13,1,5,Qwen/Qwen3-Coder-Next,1,0,1,0,neutral,0.5,12.5,0.0
2026-08-15 09:21:18,IA136_m-qwen3-coder-next_sol1_gd0_rs0_bd1_str-neutral_t05_n5,13,2,1,Qwen/Qwen3-Coder-Next,1,0,1,0,neutral,0.5,6.0,0.0
2026-08-15 09:21:24,IA136_m-qwen3-coder-next_sol1_gd0_rs0_bd1_str-neutral_t05_n5,13,2,2,Qwen/Qwen3-Coder-Next,1,0,1,0,neutral,0.5,6.0,0.0
2026-08-15 09:21:28,IA136_m-qwen3-coder-next_sol1_gd0_rs0_bd1_str-neutral_t05_n5,13,2,3,Qwen/Qwen3-Coder-Next,1,0,1,0,neutral,0.5,5.0,0.0
2026-08-15 09:21:31,IA136_m-qwen3-coder-next_sol1_gd0_rs0_bd1_str-neutral_t05_n5,13,2,4,Qwen/Qwen3-Coder-Next,1,0,1,0,neutral,0.5,4.0,0.0
2026-08-15 09:21:37,IA136_m-qwen3-coder-next_sol1_gd0_rs0_bd1_str-neutral_t05_n5,13,2,5,Qwen/Qwen3-Coder-Next,1,0,1,0,neutral,0.5,4.0,0.0
2026-08-15 09:21:41,IA136_m-qwen3-coder-next_sol1_gd0_rs0_bd1_str-neutral_t05_n5,13,3,1,Qwen/Qwen3-Coder-Next,1,0,1,0,neutral,0.5,3.5,0.0
2026-08-15 09:21:44,IA136_m-qwen3-coder-next_sol1_gd0_rs0_bd1_str-neutral_t05_n5,13,3,2,Qwen/Qwen3-Coder-Next,1,0,1,0,neutral,0.5,4.0,0.0
2026-08-15 09:21:48,IA136_m-qwen3-coder-next_sol1_gd0_rs0_bd1_str-neutral_t05_n5,13,3,3,Qwen/Qwen3-Coder-Next,1,0,1,0,neutral,0.5,4.5,0.0
2026-08-15 09:21:52,IA136_m-qwen3-coder-next_sol1_gd0_rs0_bd1_str-neutral_t05_n5,13,3,4,Qwen/Qwen3-Coder-Next,1,0,1,0,neutral,0.5,2.5,0.0
2026-08-15 09:21:55,IA136_m-qwen3-coder-next_sol1_gd0_rs0_bd1_str-neutral_t05_n5,13,3,5,Qwen/Qwen3-Coder-Next,1,0,1,0,neutral,0.5,4.0,0.0
2026-08-15 09:22:00,IA136_m-qwen3-coder-next_sol1_gd0_rs0_bd1_str-neutral_t05_n5,14,1,1,Qwen/Qwen3-Coder-Next,1,0,1,0,neutral,0.5,12.0,0.0
2026-08-15 09:22:04,IA136_m-qwen3-coder-next_sol1_gd0_rs0_bd1_str-neutral_t05_n5,14,1,2,Qwen/Qwen3-Coder-Next,1,0,1,0,neutral,0.5,13.5,0.0
2026-08-15 09:22:08,IA136_m-qwen3-coder-next_sol1_gd0_rs0_bd1_str-neutral_t05_n5,14,1,3,Qwen/Qwen3-Coder-Next,1,0,1,0,neutral,0.5,10.5,0.0
2026-08-15 09:22:13,IA136_m-qwen3-coder-next_sol1_gd0_rs0_bd1_str-neutral_t05_n5,14,1,4,Qwen/Qwen3-Coder-Next,1,0,1,0,neutral,0.5,12.5,0.0
2026-08-15 09:22:17,IA136_m-qwen3-coder-next_sol1_gd0_rs0_bd1_str-neutral_t05_n5,14,1,5,Qwen/Qwen3-Coder-Next,1,0,1,0,neutral,0.5,12.5,0.0
2026-08-15 09:22:20,IA136_m-qwen3-coder-next_sol1_gd0_rs0_bd1_str-neutral_t05_n5,14,2,1,Qwen/Qwen3-Coder-Next,1,0,1,0,neutral,0.5,10.0,0.0
2026-08-15 09:22:24,IA136_m-qwen3-coder-next_sol1_gd0_rs0_bd1_str-neutral_t05_n5,14,2,2,Qwen/Qwen3-Coder-Next,1,0,1,0,neutral,0.5,7.0,0.0
2026-08-15 09:22:28,IA136_m-qwen3-coder-next_sol1_gd0_rs0_bd1_str-neutral_t05_n5,14,2,3,Qwen/Qwen3-Coder-Next,1,0,1,0,neutral,0.5,7.0,0.0
2026-08-15 09:22:32,IA136_m-qwen3-coder-next_sol1_gd0_rs0_bd1_str-neutral_t05_n5,14,2,4,Qwen/Qwen3-Coder-Next,1,0,1,0,neutral,0.5,7.0,0.0
2026-08-15 09:22:36,IA136_m-qwen3-coder-next_sol1_gd0_rs0_bd1_str-neutral_t05_n5,14,2,5,Qwen/Qwen3-Coder-Next,1,0,1,0,neutral,0.5,7.0,0.0
2026-08-15 09:22:40,IA136_m-qwen3-coder-next_sol1_gd0_rs0_bd1_str-neutral_t05_n5,14,3,1,Qwen/Qwen3-Coder-Next,1,0,1,0,neutral,0.5,14.0,0.0
2026-08-15 09:22:44,IA136_m-qwen3-coder-next_sol1_gd0_rs0_bd1_str-neutral_t05_n5,14,3,2,Qwen/Qwen3-Coder-Next,1,0,1,0,neutral,0.5,11.5,0.0
2026-08-15 09:22:49,IA136_m-qwen3-coder-next_sol1_gd0_rs0_bd1_str-neutral_t05_n5,14,3,3,Qwen/Qwen3-Coder-Next,1,0,1,0,neutral,0.5,12.0,0.0
2026-08-15 09:22:53,IA136_m-qwen3-coder-next_sol1_gd0_rs0_bd1_str-neutral_t05_n5,14,3,4,Qwen/Qwen3-Coder-Next,1,0,1,0,neutral,0.5,12.0,0.0
2026-08-15 09:22:57,IA136_m-qwen3-coder-next_sol1_gd0_rs0_bd1_str-neutral_t05_n5,14,3,5,Qwen/Qwen3-Coder-Next,1,0,1,0,neutral,0.5,12.0,0.0
2026-08-15 09:23:01,IA136_m-qwen3-coder-next_sol1_gd0_rs0_bd1_str-neutral_t05_n5,15,1,1,Qwen/Qwen3-Coder-Next,1,0,1,0,neutral,0.5,10.5,0.0
2026-08-15 09:23:06,IA136_m-qwen3-coder-next_sol1_gd0_rs0_bd1_str-neutral_t05_n5,15,1,2,Qwen/Qwen3-Coder-Next,1,0,1,0,neutral,0.5,12.0,0.0
2026-08-15 09:23:10,IA136_m-qwen3-coder-next_sol1_gd0_rs0_bd1_str-neutral_t05_n5,15,1,3,Qwen/Qwen3-Coder-Next,1,0,1,0,neutral,0.5,12.5,0.0
2026-08-15 09:23:15,IA136_m-qwen3-coder-next_sol1_gd0_rs0_bd1_str-neutral_t05_n5,15,1,4,Qwen/Qwen3-Coder-Next,1,0,1,0,neutral,0.5,12.5,0.0
2026-08-15 09:23:19,IA136_m-qwen3-coder-next_sol1_gd0_rs0_bd1_str-neutral_t05_n5,15,1,5,Qwen/Qwen3-Coder-Next,1,0,1,0,neutral,0.5,11.5,0.0
2026-08-15 09:23:23,IA136_m-qwen3-coder-next_sol1_gd0_rs0_bd1_str-neutral_t05_n5,15,2,1,Qwen/Qwen3-Coder-Next,1,0,1,0,neutral,0.5,6.0,0.0
2026-08-15 09:23:27,IA136_m-qwen3-coder-next_sol1_gd0_rs0_bd1_str-neutral_t05_n5,15,2,2,Qwen/Qwen3-Coder-Next,1,0,1,0,neutral,0.5,10.0,0.0
2026-08-15 09:23:30,IA136_m-qwen3-coder-next_sol1_gd0_rs0_bd1_str-neutral_t05_n5,15,2,3,Qwen/Qwen3-Coder-Next,1,0,1,0,neutral,0.5,10.0,0.0
2026-08-15 09:23:34,IA136_m-qwen3-coder-next_sol1_gd0_rs0_bd1_str-neutral_t05_n5,15,2,4,Qwen/Qwen3-Coder-Next,1,0,1,0,neutral,0.5,7.0,0.0
2026-08-15 09:23:38,IA136_m-qwen3-coder-next_sol1_gd0_rs0_bd1_str-neutral_t05_n5,15,2,5,Qwen/Qwen3-Coder-Next,1,0,1,0,neutral,0.5,12.0,0.0
2026-08-15 09:23:42,IA136_m-qwen3-coder-next_sol1_gd0_rs0_bd1_str-neutral_t05_n5,15,3,1,Qwen/Qwen3-Coder-Next,1,0,1,0,neutral,0.5,6.5,0.0
2026-08-15 09:23:45,IA136_m-qwen3-coder-next_sol1_gd0_rs0_bd1_str-neutral_t05_n5,15,3,2,Qwen/Qwen3-Coder-Next,1,0,1,0,neutral,0.5,10.0,0.0
2026-08-15 09:23:50,IA136_m-qwen3-coder-next_sol1_gd0_rs0_bd1_str-neutral_t05_n5,15,3,3,Qwen/Qwen3-Coder-Next,1,0,1,0,neutral,0.5,10.0,0.0
2026-08-15 09:23:54,IA136_m-qwen3-coder-next_sol1_gd0_rs0_bd1_str-neutral_t05_n5,15,3,4,Qwen/Qwen3-Coder-Next,1,0,1,0,neutral,0.5,8.5,0.0
2026-08-15 09:23:57,IA136_m-qwen3-coder-next_sol1_gd0_rs0_bd1_str-neutral_t05_n5,15,3,5,Qwen/Qwen3-Coder-Next,1,0,1,0,neutral,0.5,10.0,0.0
2026-08-15 09:24:02,IA136_m-qwen3-coder-next_sol1_gd0_rs0_bd1_str-neutral_t05_n5,16,1,1,Qwen/Qwen3-Coder-Next,1,0,1,0,neutral,0.5,4.5,0.0
2026-08-15 09:24:05,IA136_m-qwen3-coder-next_sol1_gd0_rs0_bd1_str-neutral_t05_n5,16,1,2,Qwen/Qwen3-Coder-Next,1,0,1,0,neutral,0.5,6.0,0.0
2026-08-15 09:24:09,IA136_m-qwen3-coder-next_sol1_gd0_rs0_bd1_str-neutral_t05_n5,16,1,3,Qwen/Qwen3-Coder-Next,1,0,1,0,neutral,0.5,2.5,0.0
2026-08-15 09:24:13,IA136_m-qwen3-coder-next_sol1_gd0_rs0_bd1_str-neutral_t05_n5,16,1,4,Qwen/Qwen3-Coder-Next,1,0,1,0,neutral,0.5,4.0,0.0
2026-08-15 09:24:18,IA136_m-qwen3-coder-next_sol1_gd0_rs0_bd1_str-neutral_t05_n5,16,1,5,Qwen/Qwen3-Coder-Next,1,0,1,0,neutral,0.5,4.5,0.0
2026-08-15 09:24:22,IA136_m-qwen3-coder-next_sol1_gd0_rs0_bd1_str-neutral_t05_n5,16,2,1,Qwen/Qwen3-Coder-Next,1,0,1,0,neutral,0.5,4.5,0.0
2026-08-15 09:24:27,IA136_m-qwen3-coder-next_sol1_gd0_rs0_bd1_str-neutral_t05_n5,16,2,2,Qwen/Qwen3-Coder-Next,1,0,1,0,neutral,0.5,3.0,0.0
2026-08-15 09:24:31,IA136_m-qwen3-coder-next_sol1_gd0_rs0_bd1_str-neutral_t05_n5,16,2,3,Qwen/Qwen3-Coder-Next,1,0,1,0,neutral,0.5,4.5,0.0
2026-08-15 09:24:37,IA136_m-qwen3-coder-next_sol1_gd0_rs0_bd1_str-neutral_t05_n5,16,2,4,Qwen/Qwen3-Coder-Next,1,0,1,0,neutral,0.5,5.0,0.0
2026-08-15 09:24:42,IA136_m-qwen3-coder-next_sol1_gd0_rs0_bd1_str-neutral_t05_n5,16,2,5,Qwen/Qwen3-Coder-Next,1,0,1,0,neutral,0.5,3.0,0.0
2026-08-15 09:24:47,IA136_m-qwen3-coder-next_sol1_gd0_rs0_bd1_str-neutral_t05_n5,17,1,1,Qwen/Qwen3-Coder-Next,1,0,1,0,neutral,0.5,8.5,0.0
2026-08-15 09:24:51,IA136_m-qwen3-coder-next_sol1_gd0_rs0_bd1_str-neutral_t05_n5,17,1,2,Qwen/Qwen3-Coder-Next,1,0,1,0,neutral,0.5,8.0,0.0
2026-08-15 09:24:56,IA136_m-qwen3-coder-next_sol1_gd0_rs0_bd1_str-neutral_t05_n5,17,1,3,Qwen/Qwen3-Coder-Next,1,0,1,0,neutral,0.5,7.5,0.0
2026-08-15 09:25:00,IA136_m-qwen3-coder-next_sol1_gd0_rs0_bd1_str-neutral_t05_n5,17,1,4,Qwen/Qwen3-Coder-Next,1,0,1,0,neutral,0.5,8.5,0.0
2026-08-15 09:25:04,IA136_m-qwen3-coder-next_sol1_gd0_rs0_bd1_str-neutral_t05_n5,17,1,5,Qwen/Qwen3-Coder-Next,1,0,1,0,neutral,0.5,6.5,0.0
2026-08-15 09:25:07,IA136_m-qwen3-coder-next_sol1_gd0_rs0_bd1_str-neutral_t05_n5,17,2,1,Qwen/Qwen3-Coder-Next,1,0,1,0,neutral,0.5,0.0,0.0
2026-08-15 09:25:10,IA136_m-qwen3-coder-next_sol1_gd0_rs0_bd1_str-neutral_t05_n5,17,2,2,Qwen/Qwen3-Coder-Next,1,0,1,0,neutral,0.5,0.0,0.0
2026-08-15 09:25:14,IA136_m-qwen3-coder-next_sol1_gd0_rs0_bd1_str-neutral_t05_n5,17,2,3,Qwen/Qwen3-Coder-Next,1,0,1,0,neutral,0.5,0.0,0.0
2026-08-15 09:25:18,IA136_m-qwen3-coder-next_sol1_gd0_rs0_bd1_str-neutral_t05_n5,17,2,4,Qwen/Qwen3-Coder-Next,1,0,1,0,neutral,0.5,0.0,0.0
2026-08-15 09:25:21,IA136_m-qwen3-coder-next_sol1_gd0_rs0_bd1_str-neutral_t05_n5,17,2,5,Qwen/Qwen3-Coder-Next,1,0,1,0,neutral,0.5,0.0,0.0
2026-08-15 09:25:26,IA136_m-qwen3-coder-next_sol1_gd0_rs0_bd1_str-neutral_t05_n5,17,3,1,Qwen/Qwen3-Coder-Next,1,0,1,0,neutral,0.5,2.5,0.0
2026-08-15 09:25:30,IA136_m-qwen3-coder-next_sol1_gd0_rs0_bd1_str-neutral_t05_n5,17,3,2,Qwen/Qwen3-Coder-Next,1,0,1,0,neutral,0.5,2.5,0.0
2026-08-15 09:25:36,IA136_m-qwen3-coder-next_sol1_gd0_rs0_bd1_str-neutral_t05_n5,17,3,3,Qwen/Qwen3-Coder-Next,1,0,1,0,neutral,0.5,2.5,0.0
2026-08-15 09:25:39,IA136_m-qwen3-coder-next_sol1_gd0_rs0_bd1_str-neutral_t05_n5,17,3,4,Qwen/Qwen3-Coder-Next,1,0,1,0,neutral,0.5,3.5,0.0
2026-08-15 09:25:43,IA136_m-qwen3-coder-next_sol1_gd0_rs0_bd1_str-neutral_t05_n5,17,3,5,Qwen/Qwen3-Coder-Next,1,0,1,0,neutral,0.5,2.5,0.0
2026-08-15 09:25:47,IA136_m-qwen3-coder-next_sol1_gd0_rs0_bd1_str-neutral_t05_n5,18,1,1,Qwen/Qwen3-Coder-Next,1,0,1,0,neutral,0.5,6.0,0.0
2026-08-15 09:25:51,IA136_m-qwen3-coder-next_sol1_gd0_rs0_bd1_str-neutral_t05_n5,18,1,2,Qwen/Qwen3-Coder-Next,1,0,1,0,neutral,0.5,6.0,0.0
2026-08-15 09:25:56,IA136_m-qwen3-coder-next_sol1_gd0_rs0_bd1_str-neutral_t05_n5,18,1,3,Qwen/Qwen3-Coder-Next,1,0,1,0,neutral,0.5,6.0,0.0
2026-08-15 09:26:00,IA136_m-qwen3-coder-next_sol1_gd0_rs0_bd1_str-neutral_t05_n5,18,1,4,Qwen/Qwen3-Coder-Next,1,0,1,0,neutral,0.5,5.5,0.0
2026-08-15 09:26:04,IA136_m-qwen3-coder-next_sol1_gd0_rs0_bd1_str-neutral_t05_n5,18,1,5,Qwen/Qwen3-Coder-Next,1,0,1,0,neutral,0.5,3.0,0.0
2026-08-15 09:26:09,IA136_m-qwen3-coder-next_sol1_gd0_rs0_bd1_str-neutral_t05_n5,18,2,1,Qwen/Qwen3-Coder-Next,1,0,1,0,neutral,0.5,2.0,0.0
2026-08-15 09:26:13,IA136_m-qwen3-coder-next_sol1_gd0_rs0_bd1_str-neutral_t05_n5,18,2,2,Qwen/Qwen3-Coder-Next,1,0,1,0,neutral,0.5,2.0,0.0
2026-08-15 09:26:18,IA136_m-qwen3-coder-next_sol1_gd0_rs0_bd1_str-neutral_t05_n5,18,2,3,Qwen/Qwen3-Coder-Next,1,0,1,0,neutral,0.5,2.0,0.0
2026-08-15 09:26:22,IA136_m-qwen3-coder-next_sol1_gd0_rs0_bd1_str-neutral_t05_n5,18,2,4,Qwen/Qwen3-Coder-Next,1,0,1,0,neutral,0.5,2.0,0.0
2026-08-15 09:26:26,IA136_m-qwen3-coder-next_sol1_gd0_rs0_bd1_str-neutral_t05_n5,18,2,5,Qwen/Qwen3-Coder-Next,1,0,1,0,neutral,0.5,2.0,0.0
2026-08-15 09:26:31,IA136_m-qwen3-coder-next_sol1_gd0_rs0_bd1_str-neutral_t05_n5,18,3,1,Qwen/Qwen3-Coder-Next,1,0,1,0,neutral,0.5,4.5,0.0
2026-08-15 09:26:35,IA136_m-qwen3-coder-next_sol1_gd0_rs0_bd1_str-neutral_t05_n5,18,3,2,Qwen/Qwen3-Coder-Next,1,0,1,0,neutral,0.5,2.5,0.0
2026-08-15 09:26:41,IA136_m-qwen3-coder-next_sol1_gd0_rs0_bd1_str-neutral_t05_n5,18,3,3,Qwen/Qwen3-Coder-Next,1,0,1,0,neutral,0.5,2.5,0.0
2026-08-15 09:26:45,IA136_m-qwen3-coder-next_sol1_gd0_rs0_bd1_str-neutral_t05_n5,18,3,4,Qwen/Qwen3-Coder-Next,1,0,1,0,neutral,0.5,3.5,0.0
2026-08-15 09:26:51,IA136_m-qwen3-coder-next_sol1_gd0_rs0_bd1_str-neutral_t05_n5,18,3,5,Qwen/Qwen3-Coder-Next,1,0,1,0,neutral,0.5,3.0,0.0
2026-08-15 09:26:55,IA136_m-qwen3-coder-next_sol1_gd0_rs0_bd1_str-neutral_t05_n5,19,1,1,Qwen/Qwen3-Coder-Next,1,0,1,0,neutral,0.5,12.0,0.0
2026-08-15 09:27:00,IA136_m-qwen3-coder-next_sol1_gd0_rs0_bd1_str-neutral_t05_n5,19,1,2,Qwen/Qwen3-Coder-Next,1,0,1,0,neutral,0.5,12.5,0.0
2026-08-15 09:27:04,IA136_m-qwen3-coder-next_sol1_gd0_rs0_bd1_str-neutral_t05_n5,19,1,3,Qwen/Qwen3-Coder-Next,1,0,1,0,neutral,0.5,12.0,0.0
2026-08-15 09:27:08,IA136_m-qwen3-coder-next_sol1_gd0_rs0_bd1_str-neutral_t05_n5,19,1,4,Qwen/Qwen3-Coder-Next,1,0,1,0,neutral,0.5,12.0,0.0
2026-08-15 09:27:12,IA136_m-qwen3-coder-next_sol1_gd0_rs0_bd1_str-neutral_t05_n5,19,1,5,Qwen/Qwen3-Coder-Next,1,0,1,0,neutral,0.5,12.5,0.0
2026-08-15 09:27:16,IA136_m-qwen3-coder-next_sol1_gd0_rs0_bd1_str-neutral_t05_n5,20,1,1,Qwen/Qwen3-Coder-Next,1,0,1,0,neutral,0.5,4.0,0.0
2026-08-15 09:27:20,IA136_m-qwen3-coder-next_sol1_gd0_rs0_bd1_str-neutral_t05_n5,20,1,2,Qwen/Qwen3-Coder-Next,1,0,1,0,neutral,0.5,2.0,0.0
2026-08-15 09:27:25,IA136_m-qwen3-coder-next_sol1_gd0_rs0_bd1_str-neutral_t05_n5,20,1,3,Qwen/Qwen3-Coder-Next,1,0,1,0,neutral,0.5,4.0,0.0
2026-08-15 09:27:30,IA136_m-qwen3-coder-next_sol1_gd0_rs0_bd1_str-neutral_t05_n5,20,1,4,Qwen/Qwen3-Coder-Next,1,0,1,0,neutral,0.5,5.0,0.0
2026-08-15 09:27:36,IA136_m-qwen3-coder-next_sol1_gd0_rs0_bd1_str-neutral_t05_n5,20,1,5,Qwen/Qwen3-Coder-Next,1,0,1,0,neutral,0.5,2.5,0.0
2026-08-15 09:27:40,IA136_m-qwen3-coder-next_sol1_gd0_rs0_bd1_str-neutral_t05_n5,20,2,1,Qwen/Qwen3-Coder-Next,1,0,1,0,neutral,0.5,5.0,0.0
2026-08-15 09:27:43,IA136_m-qwen3-coder-next_sol1_gd0_rs0_bd1_str-neutral_t05_n5,20,2,2,Qwen/Qwen3-Coder-Next,1,0,1,0,neutral,0.5,4.5,0.0
2026-08-15 09:27:46,IA136_m-qwen3-coder-next_sol1_gd0_rs0_bd1_str-neutral_t05_n5,20,2,3,Qwen/Qwen3-Coder-Next,1,0,1,0,neutral,0.5,6.0,0.0
2026-08-15 09:27:50,IA136_m-qwen3-coder-next_sol1_gd0_rs0_bd1_str-neutral_t05_n5,20,2,4,Qwen/Qwen3-Coder-Next,1,0,1,0,neutral,0.5,8.0,0.0
2026-08-15 09:27:55,IA136_m-qwen3-coder-next_sol1_gd0_rs0_bd1_str-neutral_t05_n5,20,2,5,Qwen/Qwen3-Coder-Next,1,0,1,0,neutral,0.5,7.0,0.0
2026-08-15 09:27:59,IA136_m-qwen3-coder-next_sol1_gd0_rs0_bd1_str-neutral_t05_n5,20,3,1,Qwen/Qwen3-Coder-Next,1,0,1,0,neutral,0.5,4.0,0.0
2026-08-15 09:28:03,IA136_m-qwen3-coder-next_sol1_gd0_rs0_bd1_str-neutral_t05_n5,20,3,2,Qwen/Qwen3-Coder-Next,1,0,1,0,neutral,0.5,3.5,0.0
2026-08-15 09:28:07,IA136_m-qwen3-coder-next_sol1_gd0_rs0_bd1_str-neutral_t05_n5,20,3,3,Qwen/Qwen3-Coder-Next,1,0,1,0,neutral,0.5,2.0,0.0
2026-08-15 09:28:12,IA136_m-qwen3-coder-next_sol1_gd0_rs0_bd1_str-neutral_t05_n5,20,3,4,Qwen/Qwen3-Coder-Next,1,0,1,0,neutral,0.5,4.0,0.0
2026-08-15 09:28:16,IA136_m-qwen3-coder-next_sol1_gd0_rs0_bd1_str-neutral_t05_n5,20,3,5,Qwen/Qwen3-Coder-Next,1,0,1,0,neutral,0.5,4.0,0.0
2026-08-15 09:28:24,IA136_m-qwen3-coder-next_sol1_gd0_rs0_bd1_str-neutral_t05_n5,21,1,1,Qwen/Qwen3-Coder-Next,1,0,1,0,neutral,0.5,12.0,0.0
2026-08-15 09:28:28,IA136_m-qwen3-coder-next_sol1_gd0_rs0_bd1_str-neutral_t05_n5,21,1,2,Qwen/Qwen3-Coder-Next,1,0,1,0,neutral,0.5,4.5,0.0
2026-08-15 09:28:33,IA136_m-qwen3-coder-next_sol1_gd0_rs0_bd1_str-neutral_t05_n5,21,1,3,Qwen/Qwen3-Coder-Next,1,0,1,0,neutral,0.5,0.0,0.0
2026-08-15 09:29:31,IA136_m-qwen3-coder-next_sol1_gd0_rs0_bd1_str-neutral_t05_n5,21,1,5,Qwen/Qwen3-Coder-Next,1,0,1,0,neutral,0.5,6.0,0.0
2026-08-15 09:29:33,IA136_m-qwen3-coder-next_sol1_gd0_rs0_bd1_str-neutral_t05_n5,21,2,1,Qwen/Qwen3-Coder-Next,1,0,1,0,neutral,0.5,0.0,0.0
2026-08-15 09:29:36,IA136_m-qwen3-coder-next_sol1_gd0_rs0_bd1_str-neutral_t05_n5,21,2,2,Qwen/Qwen3-Coder-Next,1,0,1,0,neutral,0.5,0.0,0.0
2026-08-15 09:29:39,IA136_m-qwen3-coder-next_sol1_gd0_rs0_bd1_str-neutral_t05_n5,21,2,3,Qwen/Qwen3-Coder-Next,1,0,1,0,neutral,0.5,0.0,0.0
2026-08-15 09:29:41,IA136_m-qwen3-coder-next_sol1_gd0_rs0_bd1_str-neutral_t05_n5,21,2,4,Qwen/Qwen3-Coder-Next,1,0,1,0,neutral,0.5,0.0,0.0
2026-08-15 09:29:44,IA136_m-qwen3-coder-next_sol1_gd0_rs0_bd1_str-neutral_t05_n5,21,2,5,Qwen/Qwen3-Coder-Next,1,0,1,0,neutral,0.5,0.0,0.0
2026-08-15 09:29:47,IA136_m-qwen3-coder-next_sol1_gd0_rs0_bd1_str-neutral_t05_n5,21,3,1,Qwen/Qwen3-Coder-Next,1,0,1,0,neutral,0.5,0.0,0.0
2026-08-15 09:29:51,IA136_m-qwen3-coder-next_sol1_gd0_rs0_bd1_str-neutral_t05_n5,21,3,2,Qwen/Qwen3-Coder-Next,1,0,1,0,neutral,0.5,0.0,0.0
2026-08-15 09:29:54,IA136_m-qwen3-coder-next_sol1_gd0_rs0_bd1_str-neutral_t05_n5,21,3,3,Qwen/Qwen3-Coder-Next,1,0,1,0,neutral,0.5,0.0,0.0
2026-08-15 09:29:58,IA136_m-qwen3-coder-next_sol1_gd0_rs0_bd1_str-neutral_t05_n5,21,3,4,Qwen/Qwen3-Coder-Next,1,0,1,0,neutral,0.5,0.0,0.0
2026-08-15 09:30:01,IA136_m-qwen3-coder-next_sol1_gd0_rs0_bd1_str-neutral_t05_n5,21,3,5,Qwen/Qwen3-Coder-Next,1,0,1,0,neutral,0.5,0.0,0.0
2026-08-15 09:30:06,IA136_m-qwen3-coder-next_sol1_gd0_rs0_bd1_str-neutral_t05_n5,22,2,1,Qwen/Qwen3-Coder-Next,1,0,1,0,neutral,0.5,3.0,0.0
2026-08-15 09:30:09,IA136_m-qwen3-coder-next_sol1_gd0_rs0_bd1_str-neutral_t05_n5,22,2,2,Qwen/Qwen3-Coder-Next,1,0,1,0,neutral,0.5,2.0,0.0
2026-08-15 09:30:15,IA136_m-qwen3-coder-next_sol1_gd0_rs0_bd1_str-neutral_t05_n5,22,2,3,Qwen/Qwen3-Coder-Next,1,0,1,0,neutral,0.5,4.0,0.0
2026-08-15 09:30:19,IA136_m-qwen3-coder-next_sol1_gd0_rs0_bd1_str-neutral_t05_n5,22,2,4,Qwen/Qwen3-Coder-Next,1,0,1,0,neutral,0.5,3.0,0.0
2026-08-15 09:30:23,IA136_m-qwen3-coder-next_sol1_gd0_rs0_bd1_str-neutral_t05_n5,22,2,5,Qwen/Qwen3-Coder-Next,1,0,1,0,neutral,0.5,2.0,0.0
2026-08-15 09:30:27,IA136_m-qwen3-coder-next_sol1_gd0_rs0_bd1_str-neutral_t05_n5,23,1,1,Qwen/Qwen3-Coder-Next,1,0,1,0,neutral,0.5,9.5,0.0
2026-08-15 09:30:30,IA136_m-qwen3-coder-next_sol1_gd0_rs0_bd1_str-neutral_t05_n5,23,1,2,Qwen/Qwen3-Coder-Next,1,0,1,0,neutral,0.5,8.5,0.0
2026-08-15 09:30:34,IA136_m-qwen3-coder-next_sol1_gd0_rs0_bd1_str-neutral_t05_n5,23,1,3,Qwen/Qwen3-Coder-Next,1,0,1,0,neutral,0.5,10.5,0.0
2026-08-15 09:30:39,IA136_m-qwen3-coder-next_sol1_gd0_rs0_bd1_str-neutral_t05_n5,23,1,4,Qwen/Qwen3-Coder-Next,1,0,1,0,neutral,0.5,10.0,0.0
2026-08-15 09:30:43,IA136_m-qwen3-coder-next_sol1_gd0_rs0_bd1_str-neutral_t05_n5,23,1,5,Qwen/Qwen3-Coder-Next,1,0,1,0,neutral,0.5,8.5,0.0
2026-08-15 09:30:47,IA136_m-qwen3-coder-next_sol1_gd0_rs0_bd1_str-neutral_t05_n5,23,2,1,Qwen/Qwen3-Coder-Next,1,0,1,0,neutral,0.5,5.0,0.0
2026-08-15 09:30:50,IA136_m-qwen3-coder-next_sol1_gd0_rs0_bd1_str-neutral_t05_n5,23,2,2,Qwen/Qwen3-Coder-Next,1,0,1,0,neutral,0.5,4.0,0.0
2026-08-15 09:30:54,IA136_m-qwen3-coder-next_sol1_gd0_rs0_bd1_str-neutral_t05_n5,23,2,3,Qwen/Qwen3-Coder-Next,1,0,1,0,neutral,0.5,3.0,0.0
2026-08-15 09:30:57,IA136_m-qwen3-coder-next_sol1_gd0_rs0_bd1_str-neutral_t05_n5,23,2,4,Qwen/Qwen3-Coder-Next,1,0,1,0,neutral,0.5,4.0,0.0
2026-08-15 09:31:00,IA136_m-qwen3-coder-next_sol1_gd0_rs0_bd1_str-neutral_t05_n5,23,2,5,Qwen/Qwen3-Coder-Next,1,0,1,0,neutral,0.5,4.0,0.0
2026-08-15 09:31:03,IA136_m-qwen3-coder-next_sol1_gd0_rs0_bd1_str-neutral_t05_n5,23,3,1,Qwen/Qwen3-Coder-Next,1,0,1,0,neutral,0.5,0.0,0.0
2026-08-15 09:31:07,IA136_m-qwen3-coder-next_sol1_gd0_rs0_bd1_str-neutral_t05_n5,23,3,2,Qwen/Qwen3-Coder-Next,1,0,1,0,neutral,0.5,0.0,0.0
2026-08-15 09:31:11,IA136_m-qwen3-coder-next_sol1_gd0_rs0_bd1_str-neutral_t05_n5,23,3,3,Qwen/Qwen3-Coder-Next,1,0,1,0,neutral,0.5,0.0,0.0
2026-08-15 09:31:14,IA136_m-qwen3-coder-next_sol1_gd0_rs0_bd1_str-neutral_t05_n5,23,3,4,Qwen/Qwen3-Coder-Next,1,0,1,0,neutral,0.5,0.0,0.0
2026-08-15 09:31:17,IA136_m-qwen3-coder-next_sol1_gd0_rs0_bd1_str-neutral_t05_n5,23,3,5,Qwen/Qwen3-Coder-Next,1,0,1,0,neutral,0.5,0.0,0.0
2026-08-15 09:31:22,IA136_m-qwen3-coder-next_sol1_gd0_rs0_bd1_str-neutral_t05_n5,24,1,1,Qwen/Qwen3-Coder-Next,1,0,1,0,neutral,0.5,17.5,0.0
2026-08-15 09:31:26,IA136_m-qwen3-coder-next_sol1_gd0_rs0_bd1_str-neutral_t05_n5,24,1,2,Qwen/Qwen3-Coder-Next,1,0,1,0,neutral,0.5,17.5,0.0
2026-08-15 09:31:31,IA136_m-qwen3-coder-next_sol1_gd0_rs0_bd1_str-neutral_t05_n5,24,1,3,Qwen/Qwen3-Coder-Next,1,0,1,0,neutral,0.5,15.5,0.0
2026-08-15 09:31:36,IA136_m-qwen3-coder-next_sol1_gd0_rs0_bd1_str-neutral_t05_n5,24,1,4,Qwen/Qwen3-Coder-Next,1,0,1,0,neutral,0.5,17.0,0.0
2026-08-15 09:31:40,IA136_m-qwen3-coder-next_sol1_gd0_rs0_bd1_str-neutral_t05_n5,24,1,5,Qwen/Qwen3-Coder-Next,1,0,1,0,neutral,0.5,18.0,0.0
2026-08-15 09:31:45,IA136_m-qwen3-coder-next_sol1_gd0_rs0_bd1_str-neutral_t05_n5,24,2,1,Qwen/Qwen3-Coder-Next,1,0,1,0,neutral,0.5,5.0,0.0
2026-08-15 09:31:48,IA136_m-qwen3-coder-next_sol1_gd0_rs0_bd1_str-neutral_t05_n5,24,2,2,Qwen/Qwen3-Coder-Next,1,0,1,0,neutral,0.5,5.0,0.0
2026-08-15 09:31:51,IA136_m-qwen3-coder-next_sol1_gd0_rs0_bd1_str-neutral_t05_n5,24,2,3,Qwen/Qwen3-Coder-Next,1,0,1,0,neutral,0.5,5.0,0.0
2026-08-15 09:31:54,IA136_m-qwen3-coder-next_sol1_gd0_rs0_bd1_str-neutral_t05_n5,24,2,4,Qwen/Qwen3-Coder-Next,1,0,1,0,neutral,0.5,5.0,0.0
2026-08-15 09:31:57,IA136_m-qwen3-coder-next_sol1_gd0_rs0_bd1_str-neutral_t05_n5,24,2,5,Qwen/Qwen3-Coder-Next,1,0,1,0,neutral,0.5,5.0,0.0
2026-08-15 09:32:01,IA136_m-qwen3-coder-next_sol1_gd0_rs0_bd1_str-neutral_t05_n5,24,3,1,Qwen/Qwen3-Coder-Next,1,0,1,0,neutral,0.5,2.5,0.0
2026-08-15 09:32:04,IA136_m-qwen3-coder-next_sol1_gd0_rs0_bd1_str-neutral_t05_n5,24,3,2,Qwen/Qwen3-Coder-Next,1,0,1,0,neutral,0.5,2.0,0.0
2026-08-15 09:32:17,IA136_m-qwen3-coder-next_sol1_gd0_rs0_bd1_str-neutral_t05_n5,24,3,3,Qwen/Qwen3-Coder-Next,1,0,1,0,neutral,0.5,4.0,0.0
2026-08-15 09:32:21,IA136_m-qwen3-coder-next_sol1_gd0_rs0_bd1_str-neutral_t05_n5,24,3,4,Qwen/Qwen3-Coder-Next,1,0,1,0,neutral,0.5,3.0,0.0
2026-08-15 09:32:24,IA136_m-qwen3-coder-next_sol1_gd0_rs0_bd1_str-neutral_t05_n5,24,3,5,Qwen/Qwen3-Coder-Next,1,0,1,0,neutral,0.5,4.0,0.0
2026-08-15 09:32:28,IA136_m-qwen3-coder-next_sol1_gd0_rs0_bd1_str-neutral_t05_n5,25,1,1,Qwen/Qwen3-Coder-Next,1,0,1,0,neutral,0.5,1.5,0.0
2026-08-15 09:32:33,IA136_m-qwen3-coder-next_sol1_gd0_rs0_bd1_str-neutral_t05_n5,25,1,2,Qwen/Qwen3-Coder-Next,1,0,1,0,neutral,0.5,2.5,0.0
2026-08-15 09:32:36,IA136_m-qwen3-coder-next_sol1_gd0_rs0_bd1_str-neutral_t05_n5,25,1,3,Qwen/Qwen3-Coder-Next,1,0,1,0,neutral,0.5,0.0,0.0
2026-08-15 09:32:40,IA136_m-qwen3-coder-next_sol1_gd0_rs0_bd1_str-neutral_t05_n5,25,1,4,Qwen/Qwen3-Coder-Next,1,0,1,0,neutral,0.5,0.0,0.0
2026-08-15 09:32:45,IA136_m-qwen3-coder-next_sol1_gd0_rs0_bd1_str-neutral_t05_n5,25,1,5,Qwen/Qwen3-Coder-Next,1,0,1,0,neutral,0.5,0.0,0.0
2026-08-15 09:32:48,IA136_m-qwen3-coder-next_sol1_gd0_rs0_bd1_str-neutral_t05_n5,25,2,1,Qwen/Qwen3-Coder-Next,1,0,1,0,neutral,0.5,0.0,0.0
2026-08-15 09:32:50,IA136_m-qwen3-coder-next_sol1_gd0_rs0_bd1_str-neutral_t05_n5,25,2,2,Qwen/Qwen3-Coder-Next,1,0,1,0,neutral,0.5,0.0,0.0
2026-08-15 09:32:53,IA136_m-qwen3-coder-next_sol1_gd0_rs0_bd1_str-neutral_t05_n5,25,2,3,Qwen/Qwen3-Coder-Next,1,0,1,0,neutral,0.5,0.0,0.0
2026-08-15 09:32:56,IA136_m-qwen3-coder-next_sol1_gd0_rs0_bd1_str-neutral_t05_n5,25,2,4,Qwen/Qwen3-Coder-Next,1,0,1,0,neutral,0.5,0.0,0.0
2026-08-15 09:32:59,IA136_m-qwen3-coder-next_sol1_gd0_rs0_bd1_str-neutral_t05_n5,25,2,5,Qwen/Qwen3-Coder-Next,1,0,1,0,neutral,0.5,0.0,0.0
2026-08-15 09:33:03,IA136_m-qwen3-coder-next_sol1_gd0_rs0_bd1_str-neutral_t05_n5,25,3,1,Qwen/Qwen3-Coder-Next,1,0,1,0,neutral,0.5,0.0,0.0
2026-08-15 09:33:06,IA136_m-qwen3-coder-next_sol1_gd0_rs0_bd1_str-neutral_t05_n5,25,3,2,Qwen/Qwen3-Coder-Next,1,0,1,0,neutral,0.5,0.0,0.0
2026-08-15 09:33:10,IA136_m-qwen3-coder-next_sol1_gd0_rs0_bd1_str-neutral_t05_n5,25,3,3,Qwen/Qwen3-Coder-Next,1,0,1,0,neutral,0.5,0.0,0.0
2026-08-15 09:33:15,IA136_m-qwen3-coder-next_sol1_gd0_rs0_bd1_str-neutral_t05_n5,25,3,4,Qwen/Qwen3-Coder-Next,1,0,1,0,neutral,0.5,0.0,0.0
2026-08-15 09:33:20,IA136_m-qwen3-coder-next_sol1_gd0_rs0_bd1_str-neutral_t05_n5,25,3,5,Qwen/Qwen3-Coder-Next,1,0,1,0,neutral,0.5,0.0,0.0
2026-08-15 09:33:26,IA136_m-qwen3-coder-next_sol1_gd0_rs0_bd1_str-neutral_t05_n5,26,1,1,Qwen/Qwen3-Coder-Next,1,0,1,0,neutral,0.5,7.5,0.0
2026-08-15 09:33:30,IA136_m-qwen3-coder-next_sol1_gd0_rs0_bd1_str-neutral_t05_n5,26,1,2,Qwen/Qwen3-Coder-Next,1,0,1,0,neutral,0.5,7.5,0.0
2026-08-15 09:33:36,IA136_m-qwen3-coder-next_sol1_gd0_rs0_bd1_str-neutral_t05_n5,26,1,3,Qwen/Qwen3-Coder-Next,1,0,1,0,neutral,0.5,5.0,0.0
2026-08-15 09:33:40,IA136_m-qwen3-coder-next_sol1_gd0_rs0_bd1_str-neutral_t05_n5,26,1,4,Qwen/Qwen3-Coder-Next,1,0,1,0,neutral,0.5,8.0,0.0
2026-08-15 09:33:45,IA136_m-qwen3-coder-next_sol1_gd0_rs0_bd1_str-neutral_t05_n5,26,1,5,Qwen/Qwen3-Coder-Next,1,0,1,0,neutral,0.5,8.5,0.0
2026-08-15 09:33:48,IA136_m-qwen3-coder-next_sol1_gd0_rs0_bd1_str-neutral_t05_n5,26,2,1,Qwen/Qwen3-Coder-Next,1,0,1,0,neutral,0.5,2.0,0.0
2026-08-15 09:33:51,IA136_m-qwen3-coder-next_sol1_gd0_rs0_bd1_str-neutral_t05_n5,26,2,2,Qwen/Qwen3-Coder-Next,1,0,1,0,neutral,0.5,2.0,0.0
2026-08-15 09:33:54,IA136_m-qwen3-coder-next_sol1_gd0_rs0_bd1_str-neutral_t05_n5,26,2,3,Qwen/Qwen3-Coder-Next,1,0,1,0,neutral,0.5,4.0,0.0
2026-08-15 09:33:57,IA136_m-qwen3-coder-next_sol1_gd0_rs0_bd1_str-neutral_t05_n5,26,2,4,Qwen/Qwen3-Coder-Next,1,0,1,0,neutral,0.5,2.0,0.0
2026-08-15 09:34:15,IA136_m-qwen3-coder-next_sol1_gd0_rs0_bd1_str-neutral_t05_n5,27,1,1,Qwen/Qwen3-Coder-Next,1,0,1,0,neutral,0.5,0.0,0.0
2026-08-15 09:34:19,IA136_m-qwen3-coder-next_sol1_gd0_rs0_bd1_str-neutral_t05_n5,27,1,2,Qwen/Qwen3-Coder-Next,1,0,1,0,neutral,0.5,0.0,0.0
2026-08-15 09:34:23,IA136_m-qwen3-coder-next_sol1_gd0_rs0_bd1_str-neutral_t05_n5,27,1,3,Qwen/Qwen3-Coder-Next,1,0,1,0,neutral,0.5,0.0,0.0
2026-08-15 09:34:27,IA136_m-qwen3-coder-next_sol1_gd0_rs0_bd1_str-neutral_t05_n5,27,1,4,Qwen/Qwen3-Coder-Next,1,0,1,0,neutral,0.5,0.0,0.0
2026-08-15 09:34:30,IA136_m-qwen3-coder-next_sol1_gd0_rs0_bd1_str-neutral_t05_n5,27,1,5,Qwen/Qwen3-Coder-Next,1,0,1,0,neutral,0.5,0.0,0.0
2026-08-15 09:34:33,IA136_m-qwen3-coder-next_sol1_gd0_rs0_bd1_str-neutral_t05_n5,27,2,1,Qwen/Qwen3-Coder-Next,1,0,1,0,neutral,0.5,0.0,0.0
2026-08-15 09:34:36,IA136_m-qwen3-coder-next_sol1_gd0_rs0_bd1_str-neutral_t05_n5,27,2,2,Qwen/Qwen3-Coder-Next,1,0,1,0,neutral,0.5,0.0,0.0
2026-08-15 09:34:38,IA136_m-qwen3-coder-next_sol1_gd0_rs0_bd1_str-neutral_t05_n5,27,2,3,Qwen/Qwen3-Coder-Next,1,0,1,0,neutral,0.5,0.0,0.0
2026-08-15 09:34:42,IA136_m-qwen3-coder-next_sol1_gd0_rs0_bd1_str-neutral_t05_n5,27,2,4,Qwen/Qwen3-Coder-Next,1,0,1,0,neutral,0.5,0.0,0.0
2026-08-15 09:34:47,IA136_m-qwen3-coder-next_sol1_gd0_rs0_bd1_str-neutral_t05_n5,27,2,5,Qwen/Qwen3-Coder-Next,1,0,1,0,neutral,0.5,0.0,0.0
2026-08-15 09:34:50,IA136_m-qwen3-coder-next_sol1_gd0_rs0_bd1_str-neutral_t05_n5,27,3,1,Qwen/Qwen3-Coder-Next,1,0,1,0,neutral,0.5,0.0,0.0
2026-08-15 09:34:53,IA136_m-qwen3-coder-next_sol1_gd0_rs0_bd1_str-neutral_t05_n5,27,3,2,Qwen/Qwen3-Coder-Next,1,0,1,0,neutral,0.5,0.0,0.0
2026-08-15 09:34:57,IA136_m-qwen3-coder-next_sol1_gd0_rs0_bd1_str-neutral_t05_n5,27,3,3,Qwen/Qwen3-Coder-Next,1,0,1,0,neutral,0.5,0.0,0.0
2026-08-15 09:35:00,IA136_m-qwen3-coder-next_sol1_gd0_rs0_bd1_str-neutral_t05_n5,27,3,4,Qwen/Qwen3-Coder-Next,1,0,1,0,neutral,0.5,0.0,0.0
2026-08-15 09:35:05,IA136_m-qwen3-coder-next_sol1_gd0_rs0_bd1_str-neutral_t05_n5,27,3,5,Qwen/Qwen3-Coder-Next,1,0,1,0,neutral,0.5,0.0,0.0
2026-08-15 09:35:09,IA136_m-qwen3-coder-next_sol1_gd0_rs0_bd1_str-neutral_t05_n5,28,1,1,Qwen/Qwen3-Coder-Next,1,0,1,0,neutral,0.5,0.0,0.0
2026-08-15 09:35:13,IA136_m-qwen3-coder-next_sol1_gd0_rs0_bd1_str-neutral_t05_n5,28,1,2,Qwen/Qwen3-Coder-Next,1,0,1,0,neutral,0.5,0.0,0.0
2026-08-15 09:35:19,IA136_m-qwen3-coder-next_sol1_gd0_rs0_bd1_str-neutral_t05_n5,28,1,3,Qwen/Qwen3-Coder-Next,1,0,1,0,neutral,0.5,0.0,0.0
2026-08-15 09:35:22,IA136_m-qwen3-coder-next_sol1_gd0_rs0_bd1_str-neutral_t05_n5,28,1,4,Qwen/Qwen3-Coder-Next,1,0,1,0,neutral,0.5,0.0,0.0
2026-08-15 09:35:26,IA136_m-qwen3-coder-next_sol1_gd0_rs0_bd1_str-neutral_t05_n5,28,1,5,Qwen/Qwen3-Coder-Next,1,0,1,0,neutral,0.5,0.0,0.0
2026-08-15 09:35:29,IA136_m-qwen3-coder-next_sol1_gd0_rs0_bd1_str-neutral_t05_n5,28,2,1,Qwen/Qwen3-Coder-Next,1,0,1,0,neutral,0.5,0.0,0.0
2026-08-15 09:35:32,IA136_m-qwen3-coder-next_sol1_gd0_rs0_bd1_str-neutral_t05_n5,28,2,2,Qwen/Qwen3-Coder-Next,1,0,1,0,neutral,0.5,0.0,0.0
2026-08-15 09:35:35,IA136_m-qwen3-coder-next_sol1_gd0_rs0_bd1_str-neutral_t05_n5,28,2,3,Qwen/Qwen3-Coder-Next,1,0,1,0,neutral,0.5,0.0,0.0
2026-08-15 09:35:38,IA136_m-qwen3-coder-next_sol1_gd0_rs0_bd1_str-neutral_t05_n5,28,2,4,Qwen/Qwen3-Coder-Next,1,0,1,0,neutral,0.5,0.0,0.0
2026-08-15 09:35:41,IA136_m-qwen3-coder-next_sol1_gd0_rs0_bd1_str-neutral_t05_n5,28,2,5,Qwen/Qwen3-Coder-Next,1,0,1,0,neutral,0.5,0.0,0.0
2026-08-15 09:35:44,IA136_m-qwen3-coder-next_sol1_gd0_rs0_bd1_str-neutral_t05_n5,28,3,1,Qwen/Qwen3-Coder-Next,1,0,1,0,neutral,0.5,0.0,0.0
2026-08-15 09:35:47,IA136_m-qwen3-coder-next_sol1_gd0_rs0_bd1_str-neutral_t05_n5,28,3,2,Qwen/Qwen3-Coder-Next,1,0,1,0,neutral,0.5,0.0,0.0
2026-08-15 09:35:51,IA136_m-qwen3-coder-next_sol1_gd0_rs0_bd1_str-neutral_t05_n5,28,3,3,Qwen/Qwen3-Coder-Next,1,0,1,0,neutral,0.5,0.0,0.0
2026-08-15 09:35:56,IA136_m-qwen3-coder-next_sol1_gd0_rs0_bd1_str-neutral_t05_n5,28,3,4,Qwen/Qwen3-Coder-Next,1,0,1,0,neutral,0.5,0.0,0.0
2026-08-15 09:36:00,IA136_m-qwen3-coder-next_sol1_gd0_rs0_bd1_str-neutral_t05_n5,28,3,5,Qwen/Qwen3-Coder-Next,1,0,1,0,neutral,0.5,0.0,0.0
2026-08-15 09:36:04,IA136_m-qwen3-coder-next_sol1_gd0_rs0_bd1_str-neutral_t05_n5,29,1,1,Qwen/Qwen3-Coder-Next,1,0,1,0,neutral,0.5,21.0,3.0
2026-08-15 09:36:09,IA136_m-qwen3-coder-next_sol1_gd0_rs0_bd1_str-neutral_t05_n5,29,1,2,Qwen/Qwen3-Coder-Next,1,0,1,0,neutral,0.5,21.5,3.0
2026-08-15 09:36:14,IA136_m-qwen3-coder-next_sol1_gd0_rs0_bd1_str-neutral_t05_n5,29,1,3,Qwen/Qwen3-Coder-Next,1,0,1,0,neutral,0.5,22.5,3.0
2026-08-15 09:36:19,IA136_m-qwen3-coder-next_sol1_gd0_rs0_bd1_str-neutral_t05_n5,29,1,4,Qwen/Qwen3-Coder-Next,1,0,1,0,neutral,0.5,22.5,3.0
2026-08-15 09:36:23,IA136_m-qwen3-coder-next_sol1_gd0_rs0_bd1_str-neutral_t05_n5,29,1,5,Qwen/Qwen3-Coder-Next,1,0,1,0,neutral,0.5,22.5,3.0
2026-08-15 09:36:26,IA136_m-qwen3-coder-next_sol1_gd0_rs0_bd1_str-neutral_t05_n5,29,2,1,Qwen/Qwen3-Coder-Next,1,0,1,0,neutral,0.5,14.0,3.0
2026-08-15 09:36:30,IA136_m-qwen3-coder-next_sol1_gd0_rs0_bd1_str-neutral_t05_n5,29,2,2,Qwen/Qwen3-Coder-Next,1,0,1,0,neutral,0.5,14.0,3.0
2026-08-15 09:36:33,IA136_m-qwen3-coder-next_sol1_gd0_rs0_bd1_str-neutral_t05_n5,29,2,3,Qwen/Qwen3-Coder-Next,1,0,1,0,neutral,0.5,14.0,3.0
2026-08-15 09:36:36,IA136_m-qwen3-coder-next_sol1_gd0_rs0_bd1_str-neutral_t05_n5,29,2,4,Qwen/Qwen3-Coder-Next,1,0,1,0,neutral,0.5,14.0,3.0
2026-08-15 09:36:40,IA136_m-qwen3-coder-next_sol1_gd0_rs0_bd1_str-neutral_t05_n5,29,2,5,Qwen/Qwen3-Coder-Next,1,0,1,0,neutral,0.5,14.0,3.0
2026-08-15 09:36:44,IA136_m-qwen3-coder-next_sol1_gd0_rs0_bd1_str-neutral_t05_n5,29,3,1,Qwen/Qwen3-Coder-Next,1,0,1,0,neutral,0.5,18.0,3.0
2026-08-15 09:36:48,IA136_m-qwen3-coder-next_sol1_gd0_rs0_bd1_str-neutral_t05_n5,29,3,2,Qwen/Qwen3-Coder-Next,1,0,1,0,neutral,0.5,19.0,3.0
2026-08-15 09:36:52,IA136_m-qwen3-coder-next_sol1_gd0_rs0_bd1_str-neutral_t05_n5,29,3,3,Qwen/Qwen3-Coder-Next,1,0,1,0,neutral,0.5,19.0,3.0
2026-08-15 09:36:56,IA136_m-qwen3-coder-next_sol1_gd0_rs0_bd1_str-neutral_t05_n5,29,3,4,Qwen/Qwen3-Coder-Next,1,0,1,0,neutral,0.5,18.0,3.0
2026-08-15 09:37:01,IA136_m-qwen3-coder-next_sol1_gd0_rs0_bd1_str-neutral_t05_n5,29,3,5,Qwen/Qwen3-Coder-Next,1,0,1,0,neutral,0.5,18.0,3.0
2026-08-15 09:37:56,IA136_m-qwen3-coder-next_sol1_gd0_rs0_bd1_str-neutral_t05_n5,30,1,2,Qwen/Qwen3-Coder-Next,1,0,1,0,neutral,0.5,10.5,0.0
2026-08-15 09:38:00,IA136_m-qwen3-coder-next_sol1_gd0_rs0_bd1_str-neutral_t05_n5,30,1,3,Qwen/Qwen3-Coder-Next,1,0,1,0,neutral,0.5,11.5,0.0
2026-08-15 09:38:05,IA136_m-qwen3-coder-next_sol1_gd0_rs0_bd1_str-neutral_t05_n5,30,1,4,Qwen/Qwen3-Coder-Next,1,0,1,0,neutral,0.5,10.5,0.0
2026-08-15 09:38:09,IA136_m-qwen3-coder-next_sol1_gd0_rs0_bd1_str-neutral_t05_n5,30,1,5,Qwen/Qwen3-Coder-Next,1,0,1,0,neutral,0.5,10.0,0.0
2026-08-15 09:38:11,IA136_m-qwen3-coder-next_sol1_gd0_rs0_bd1_str-neutral_t05_n5,30,2,1,Qwen/Qwen3-Coder-Next,1,0,1,0,neutral,0.5,0.0,0.0
2026-08-15 09:38:14,IA136_m-qwen3-coder-next_sol1_gd0_rs0_bd1_str-neutral_t05_n5,30,2,2,Qwen/Qwen3-Coder-Next,1,0,1,0,neutral,0.5,0.0,0.0
2026-08-15 09:38:18,IA136_m-qwen3-coder-next_sol1_gd0_rs0_bd1_str-neutral_t05_n5,30,2,3,Qwen/Qwen3-Coder-Next,1,0,1,0,neutral,0.5,0.0,0.0
2026-08-15 09:38:21,IA136_m-qwen3-coder-next_sol1_gd0_rs0_bd1_str-neutral_t05_n5,30,2,4,Qwen/Qwen3-Coder-Next,1,0,1,0,neutral,0.5,0.0,0.0
2026-08-15 09:38:23,IA136_m-qwen3-coder-next_sol1_gd0_rs0_bd1_str-neutral_t05_n5,30,2,5,Qwen/Qwen3-Coder-Next,1,0,1,0,neutral,0.5,0.0,0.0
2026-08-15 09:38:27,IA136_m-qwen3-coder-next_sol1_gd0_rs0_bd1_str-neutral_t05_n5,30,3,1,Qwen/Qwen3-Coder-Next,1,0,1,0,neutral,0.5,0.0,0.0
2026-08-15 09:38:30,IA136_m-qwen3-coder-next_sol1_gd0_rs0_bd1_str-neutral_t05_n5,30,3,2,Qwen/Qwen3-Coder-Next,1,0,1,0,neutral,0.5,0.0,0.0
2026-08-15 09:38:33,IA136_m-qwen3-coder-next_sol1_gd0_rs0_bd1_str-neutral_t05_n5,30,3,3,Qwen/Qwen3-Coder-Next,1,0,1,0,neutral,0.5,0.0,0.0
2026-08-15 09:38:37,IA136_m-qwen3-coder-next_sol1_gd0_rs0_bd1_str-neutral_t05_n5,30,3,4,Qwen/Qwen3-Coder-Next,1,0,1,0,neutral,0.5,0.0,0.0
2026-08-15 09:38:41,IA136_m-qwen3-coder-next_sol1_gd0_rs0_bd1_str-neutral_t05_n5,30,3,5,Qwen/Qwen3-Coder-Next,1,0,1,0,neutral,0.5,0.0,0.0
2026-08-15 09:38:45,IA136_m-qwen3-coder-next_sol1_gd0_rs0_bd1_str-neutral_t05_n5,31,1,1,Qwen/Qwen3-Coder-Next,1,0,1,0,neutral,0.5,3.0,0.0
2026-08-15 09:38:49,IA136_m-qwen3-coder-next_sol1_gd0_rs0_bd1_str-neutral_t05_n5,31,1,2,Qwen/Qwen3-Coder-Next,1,0,1,0,neutral,0.5,2.0,0.0
2026-08-15 09:38:53,IA136_m-qwen3-coder-next_sol1_gd0_rs0_bd1_str-neutral_t05_n5,31,1,3,Qwen/Qwen3-Coder-Next,1,0,1,0,neutral,0.5,2.0,0.0
2026-08-15 09:38:57,IA136_m-qwen3-coder-next_sol1_gd0_rs0_bd1_str-neutral_t05_n5,31,1,4,Qwen/Qwen3-Coder-Next,1,0,1,0,neutral,0.5,2.5,0.0
2026-08-15 09:39:01,IA136_m-qwen3-coder-next_sol1_gd0_rs0_bd1_str-neutral_t05_n5,31,1,5,Qwen/Qwen3-Coder-Next,1,0,1,0,neutral,0.5,2.0,0.0
2026-08-15 09:39:04,IA136_m-qwen3-coder-next_sol1_gd0_rs0_bd1_str-neutral_t05_n5,31,2,1,Qwen/Qwen3-Coder-Next,1,0,1,0,neutral,0.5,0.0,0.0
2026-08-15 09:39:08,IA136_m-qwen3-coder-next_sol1_gd0_rs0_bd1_str-neutral_t05_n5,31,2,2,Qwen/Qwen3-Coder-Next,1,0,1,0,neutral,0.5,0.0,0.0
2026-08-15 09:39:13,IA136_m-qwen3-coder-next_sol1_gd0_rs0_bd1_str-neutral_t05_n5,31,2,3,Qwen/Qwen3-Coder-Next,1,0,1,0,neutral,0.5,0.0,0.0
2026-08-15 09:39:17,IA136_m-qwen3-coder-next_sol1_gd0_rs0_bd1_str-neutral_t05_n5,31,2,4,Qwen/Qwen3-Coder-Next,1,0,1,0,neutral,0.5,2.0,0.0
2026-08-15 09:39:20,IA136_m-qwen3-coder-next_sol1_gd0_rs0_bd1_str-neutral_t05_n5,31,2,5,Qwen/Qwen3-Coder-Next,1,0,1,0,neutral,0.5,0.0,0.0
2026-08-15 09:39:23,IA136_m-qwen3-coder-next_sol1_gd0_rs0_bd1_str-neutral_t05_n5,31,3,1,Qwen/Qwen3-Coder-Next,1,0,1,0,neutral,0.5,2.0,0.0
2026-08-15 09:39:27,IA136_m-qwen3-coder-next_sol1_gd0_rs0_bd1_str-neutral_t05_n5,31,3,2,Qwen/Qwen3-Coder-Next,1,0,1,0,neutral,0.5,3.0,0.0
2026-08-15 09:39:30,IA136_m-qwen3-coder-next_sol1_gd0_rs0_bd1_str-neutral_t05_n5,31,3,3,Qwen/Qwen3-Coder-Next,1,0,1,0,neutral,0.5,2.0,0.0
2026-08-15 09:39:34,IA136_m-qwen3-coder-next_sol1_gd0_rs0_bd1_str-neutral_t05_n5,31,3,4,Qwen/Qwen3-Coder-Next,1,0,1,0,neutral,0.5,4.0,0.0
2026-08-15 09:39:37,IA136_m-qwen3-coder-next_sol1_gd0_rs0_bd1_str-neutral_t05_n5,31,3,5,Qwen/Qwen3-Coder-Next,1,0,1,0,neutral,0.5,2.5,0.0
2026-08-15 09:39:42,IA136_m-qwen3-coder-next_sol1_gd0_rs0_bd1_str-neutral_t05_n5,32,1,1,Qwen/Qwen3-Coder-Next,1,0,1,0,neutral,0.5,13.5,0.0
2026-08-15 09:39:46,IA136_m-qwen3-coder-next_sol1_gd0_rs0_bd1_str-neutral_t05_n5,32,1,2,Qwen/Qwen3-Coder-Next,1,0,1,0,neutral,0.5,11.0,0.0
2026-08-15 09:39:50,IA136_m-qwen3-coder-next_sol1_gd0_rs0_bd1_str-neutral_t05_n5,32,1,3,Qwen/Qwen3-Coder-Next,1,0,1,0,neutral,0.5,10.0,0.0
2026-08-15 09:39:54,IA136_m-qwen3-coder-next_sol1_gd0_rs0_bd1_str-neutral_t05_n5,32,1,4,Qwen/Qwen3-Coder-Next,1,0,1,0,neutral,0.5,10.0,0.0
2026-08-15 09:39:58,IA136_m-qwen3-coder-next_sol1_gd0_rs0_bd1_str-neutral_t05_n5,32,1,5,Qwen/Qwen3-Coder-Next,1,0,1,0,neutral,0.5,12.5,0.0
2026-08-15 09:40:02,IA136_m-qwen3-coder-next_sol1_gd0_rs0_bd1_str-neutral_t05_n5,32,2,1,Qwen/Qwen3-Coder-Next,1,0,1,0,neutral,0.5,2.5,0.0
2026-08-15 09:40:05,IA136_m-qwen3-coder-next_sol1_gd0_rs0_bd1_str-neutral_t05_n5,32,2,2,Qwen/Qwen3-Coder-Next,1,0,1,0,neutral,0.5,2.0,0.0
2026-08-15 09:40:09,IA136_m-qwen3-coder-next_sol1_gd0_rs0_bd1_str-neutral_t05_n5,32,2,3,Qwen/Qwen3-Coder-Next,1,0,1,0,neutral,0.5,2.0,0.0
2026-08-15 09:40:12,IA136_m-qwen3-coder-next_sol1_gd0_rs0_bd1_str-neutral_t05_n5,32,2,4,Qwen/Qwen3-Coder-Next,1,0,1,0,neutral,0.5,2.0,0.0
2026-08-15 09:40:16,IA136_m-qwen3-coder-next_sol1_gd0_rs0_bd1_str-neutral_t05_n5,32,2,5,Qwen/Qwen3-Coder-Next,1,0,1,0,neutral,0.5,2.0,0.0
2026-08-15 09:40:20,IA136_m-qwen3-coder-next_sol1_gd0_rs0_bd1_str-neutral_t05_n5,32,3,1,Qwen/Qwen3-Coder-Next,1,0,1,0,neutral,0.5,5.5,0.0
2026-08-15 09:40:24,IA136_m-qwen3-coder-next_sol1_gd0_rs0_bd1_str-neutral_t05_n5,32,3,2,Qwen/Qwen3-Coder-Next,1,0,1,0,neutral,0.5,5.5,0.0
2026-08-15 09:40:28,IA136_m-qwen3-coder-next_sol1_gd0_rs0_bd1_str-neutral_t05_n5,32,3,3,Qwen/Qwen3-Coder-Next,1,0,1,0,neutral,0.5,6.5,0.0
2026-08-15 09:40:31,IA136_m-qwen3-coder-next_sol1_gd0_rs0_bd1_str-neutral_t05_n5,32,3,4,Qwen/Qwen3-Coder-Next,1,0,1,0,neutral,0.5,4.5,0.0
2026-08-15 09:40:43,IA136_m-qwen3-coder-next_sol1_gd0_rs0_bd1_str-neutral_t05_n5,32,3,5,Qwen/Qwen3-Coder-Next,1,0,1,0,neutral,0.5,6.5,0.0
2026-08-15 09:40:48,IA136_m-qwen3-coder-next_sol1_gd0_rs0_bd1_str-neutral_t05_n5,33,1,1,Qwen/Qwen3-Coder-Next,1,0,1,0,neutral,0.5,15.5,0.0
2026-08-15 09:40:52,IA136_m-qwen3-coder-next_sol1_gd0_rs0_bd1_str-neutral_t05_n5,33,1,2,Qwen/Qwen3-Coder-Next,1,0,1,0,neutral,0.5,14.0,0.0
2026-08-15 09:40:56,IA136_m-qwen3-coder-next_sol1_gd0_rs0_bd1_str-neutral_t05_n5,33,1,3,Qwen/Qwen3-Coder-Next,1,0,1,0,neutral,0.5,14.5,0.0
2026-08-15 09:41:00,IA136_m-qwen3-coder-next_sol1_gd0_rs0_bd1_str-neutral_t05_n5,33,1,4,Qwen/Qwen3-Coder-Next,1,0,1,0,neutral,0.5,13.0,0.0
2026-08-15 09:41:04,IA136_m-qwen3-coder-next_sol1_gd0_rs0_bd1_str-neutral_t05_n5,33,1,5,Qwen/Qwen3-Coder-Next,1,0,1,0,neutral,0.5,13.5,0.0
2026-08-15 09:41:07,IA136_m-qwen3-coder-next_sol1_gd0_rs0_bd1_str-neutral_t05_n5,33,2,1,Qwen/Qwen3-Coder-Next,1,0,1,0,neutral,0.5,0.0,0.0
2026-08-15 09:41:11,IA136_m-qwen3-coder-next_sol1_gd0_rs0_bd1_str-neutral_t05_n5,33,2,2,Qwen/Qwen3-Coder-Next,1,0,1,0,neutral,0.5,0.0,0.0
2026-08-15 09:41:13,IA136_m-qwen3-coder-next_sol1_gd0_rs0_bd1_str-neutral_t05_n5,33,2,3,Qwen/Qwen3-Coder-Next,1,0,1,0,neutral,0.5,0.0,0.0
2026-08-15 09:41:17,IA136_m-qwen3-coder-next_sol1_gd0_rs0_bd1_str-neutral_t05_n5,33,2,4,Qwen/Qwen3-Coder-Next,1,0,1,0,neutral,0.5,0.0,0.0
2026-08-15 09:41:20,IA136_m-qwen3-coder-next_sol1_gd0_rs0_bd1_str-neutral_t05_n5,33,2,5,Qwen/Qwen3-Coder-Next,1,0,1,0,neutral,0.5,0.0,0.0
2026-08-15 09:41:24,IA136_m-qwen3-coder-next_sol1_gd0_rs0_bd1_str-neutral_t05_n5,33,3,1,Qwen/Qwen3-Coder-Next,1,0,1,0,neutral,0.5,0.0,0.0
2026-08-15 09:41:28,IA136_m-qwen3-coder-next_sol1_gd0_rs0_bd1_str-neutral_t05_n5,33,3,2,Qwen/Qwen3-Coder-Next,1,0,1,0,neutral,0.5,0.0,0.0
2026-08-15 09:41:32,IA136_m-qwen3-coder-next_sol1_gd0_rs0_bd1_str-neutral_t05_n5,33,3,3,Qwen/Qwen3-Coder-Next,1,0,1,0,neutral,0.5,0.0,0.0
2026-08-15 09:41:35,IA136_m-qwen3-coder-next_sol1_gd0_rs0_bd1_str-neutral_t05_n5,33,3,4,Qwen/Qwen3-Coder-Next,1,0,1,0,neutral,0.5,0.0,0.0
2026-08-15 09:41:39,IA136_m-qwen3-coder-next_sol1_gd0_rs0_bd1_str-neutral_t05_n5,33,3,5,Qwen/Qwen3-Coder-Next,1,0,1,0,neutral,0.5,0.0,0.0
2026-08-15 09:41:48,IA136_m-qwen3-coder-next_sol1_gd0_rs0_bd1_str-neutral_t05_n5,34,1,1,Qwen/Qwen3-Coder-Next,1,0,1,0,neutral,0.5,10.0,0.0
2026-08-15 09:41:52,IA136_m-qwen3-coder-next_sol1_gd0_rs0_bd1_str-neutral_t05_n5,34,1,2,Qwen/Qwen3-Coder-Next,1,0,1,0,neutral,0.5,6.0,0.0
2026-08-15 09:41:56,IA136_m-qwen3-coder-next_sol1_gd0_rs0_bd1_str-neutral_t05_n5,34,1,3,Qwen/Qwen3-Coder-Next,1,0,1,0,neutral,0.5,8.5,0.0
2026-08-15 09:41:59,IA136_m-qwen3-coder-next_sol1_gd0_rs0_bd1_str-neutral_t05_n5,34,1,4,Qwen/Qwen3-Coder-Next,1,0,1,0,neutral,0.5,10.0,0.0
2026-08-15 09:42:04,IA136_m-qwen3-coder-next_sol1_gd0_rs0_bd1_str-neutral_t05_n5,34,1,5,Qwen/Qwen3-Coder-Next,1,0,1,0,neutral,0.5,12.5,0.0
2026-08-15 09:42:10,IA136_m-qwen3-coder-next_sol1_gd0_rs0_bd1_str-neutral_t05_n5,35,1,1,Qwen/Qwen3-Coder-Next,1,0,1,0,neutral,0.5,0.0,0.0
2026-08-15 09:42:15,IA136_m-qwen3-coder-next_sol1_gd0_rs0_bd1_str-neutral_t05_n5,35,1,2,Qwen/Qwen3-Coder-Next,1,0,1,0,neutral,0.5,2.0,0.0
2026-08-15 09:42:18,IA136_m-qwen3-coder-next_sol1_gd0_rs0_bd1_str-neutral_t05_n5,35,1,3,Qwen/Qwen3-Coder-Next,1,0,1,0,neutral,0.5,2.5,0.0
2026-08-15 09:42:22,IA136_m-qwen3-coder-next_sol1_gd0_rs0_bd1_str-neutral_t05_n5,35,1,4,Qwen/Qwen3-Coder-Next,1,0,1,0,neutral,0.5,2.0,0.0
2026-08-15 09:42:28,IA136_m-qwen3-coder-next_sol1_gd0_rs0_bd1_str-neutral_t05_n5,35,1,5,Qwen/Qwen3-Coder-Next,1,0,1,0,neutral,0.5,2.0,0.0
2026-08-15 09:42:30,IA136_m-qwen3-coder-next_sol1_gd0_rs0_bd1_str-neutral_t05_n5,35,2,1,Qwen/Qwen3-Coder-Next,1,0,1,0,neutral,0.5,0.0,0.0
2026-08-15 09:42:33,IA136_m-qwen3-coder-next_sol1_gd0_rs0_bd1_str-neutral_t05_n5,35,2,2,Qwen/Qwen3-Coder-Next,1,0,1,0,neutral,0.5,0.0,0.0
2026-08-15 09:42:36,IA136_m-qwen3-coder-next_sol1_gd0_rs0_bd1_str-neutral_t05_n5,35,2,3,Qwen/Qwen3-Coder-Next,1,0,1,0,neutral,0.5,0.0,0.0
2026-08-15 09:42:39,IA136_m-qwen3-coder-next_sol1_gd0_rs0_bd1_str-neutral_t05_n5,35,2,4,Qwen/Qwen3-Coder-Next,1,0,1,0,neutral,0.5,0.0,0.0
2026-08-15 09:42:41,IA136_m-qwen3-coder-next_sol1_gd0_rs0_bd1_str-neutral_t05_n5,35,2,5,Qwen/Qwen3-Coder-Next,1,0,1,0,neutral,0.5,0.0,0.0
2026-08-15 09:42:46,IA136_m-qwen3-coder-next_sol1_gd0_rs0_bd1_str-neutral_t05_n5,35,3,1,Qwen/Qwen3-Coder-Next,1,0,1,0,neutral,0.5,0.0,0.0
2026-08-15 09:42:52,IA136_m-qwen3-coder-next_sol1_gd0_rs0_bd1_str-neutral_t05_n5,35,3,2,Qwen/Qwen3-Coder-Next,1,0,1,0,neutral,0.5,0.0,0.0
2026-08-15 09:42:55,IA136_m-qwen3-coder-next_sol1_gd0_rs0_bd1_str-neutral_t05_n5,35,3,3,Qwen/Qwen3-Coder-Next,1,0,1,0,neutral,0.5,0.0,0.0
2026-08-15 09:42:58,IA136_m-qwen3-coder-next_sol1_gd0_rs0_bd1_str-neutral_t05_n5,35,3,4,Qwen/Qwen3-Coder-Next,1,0,1,0,neutral,0.5,0.0,0.0
2026-08-15 09:43:02,IA136_m-qwen3-coder-next_sol1_gd0_rs0_bd1_str-neutral_t05_n5,35,3,5,Qwen/Qwen3-Coder-Next,1,0,1,0,neutral,0.5,0.0,0.0
2026-08-15 09:43:08,IA136_m-qwen3-coder-next_sol1_gd0_rs0_bd1_str-neutral_t05_n5,36,1,1,Qwen/Qwen3-Coder-Next,1,0,1,0,neutral,0.5,2.0,0.0
2026-08-15 09:43:14,IA136_m-qwen3-coder-next_sol1_gd0_rs0_bd1_str-neutral_t05_n5,36,1,2,Qwen/Qwen3-Coder-Next,1,0,1,0,neutral,0.5,3.5,0.0
2026-08-15 09:43:20,IA136_m-qwen3-coder-next_sol1_gd0_rs0_bd1_str-neutral_t05_n5,36,1,3,Qwen/Qwen3-Coder-Next,1,0,1,0,neutral,0.5,0.0,0.0
2026-08-15 09:43:25,IA136_m-qwen3-coder-next_sol1_gd0_rs0_bd1_str-neutral_t05_n5,36,1,4,Qwen/Qwen3-Coder-Next,1,0,1,0,neutral,0.5,2.0,0.0
2026-08-15 09:43:30,IA136_m-qwen3-coder-next_sol1_gd0_rs0_bd1_str-neutral_t05_n5,36,1,5,Qwen/Qwen3-Coder-Next,1,0,1,0,neutral,0.5,3.0,0.0
2026-08-15 09:43:35,IA136_m-qwen3-coder-next_sol1_gd0_rs0_bd1_str-neutral_t05_n5,37,1,1,Qwen/Qwen3-Coder-Next,1,0,1,0,neutral,0.5,2.5,0.0
2026-08-15 09:43:39,IA136_m-qwen3-coder-next_sol1_gd0_rs0_bd1_str-neutral_t05_n5,37,1,2,Qwen/Qwen3-Coder-Next,1,0,1,0,neutral,0.5,3.0,0.0
2026-08-15 09:43:45,IA136_m-qwen3-coder-next_sol1_gd0_rs0_bd1_str-neutral_t05_n5,37,1,3,Qwen/Qwen3-Coder-Next,1,0,1,0,neutral,0.5,3.0,0.0
2026-08-15 09:43:49,IA136_m-qwen3-coder-next_sol1_gd0_rs0_bd1_str-neutral_t05_n5,37,1,4,Qwen/Qwen3-Coder-Next,1,0,1,0,neutral,0.5,3.5,0.0
2026-08-15 09:43:54,IA136_m-qwen3-coder-next_sol1_gd0_rs0_bd1_str-neutral_t05_n5,37,1,5,Qwen/Qwen3-Coder-Next,1,0,1,0,neutral,0.5,2.5,0.0
2026-08-15 09:43:59,IA136_m-qwen3-coder-next_sol1_gd0_rs0_bd1_str-neutral_t05_n5,37,2,1,Qwen/Qwen3-Coder-Next,1,0,1,0,neutral,0.5,2.0,0.0
2026-08-15 09:44:03,IA136_m-qwen3-coder-next_sol1_gd0_rs0_bd1_str-neutral_t05_n5,37,2,2,Qwen/Qwen3-Coder-Next,1,0,1,0,neutral,0.5,3.5,0.0
2026-08-15 09:44:07,IA136_m-qwen3-coder-next_sol1_gd0_rs0_bd1_str-neutral_t05_n5,37,2,3,Qwen/Qwen3-Coder-Next,1,0,1,0,neutral,0.5,4.0,0.0
2026-08-15 09:44:12,IA136_m-qwen3-coder-next_sol1_gd0_rs0_bd1_str-neutral_t05_n5,37,2,4,Qwen/Qwen3-Coder-Next,1,0,1,0,neutral,0.5,3.0,0.0
2026-08-15 09:44:18,IA136_m-qwen3-coder-next_sol1_gd0_rs0_bd1_str-neutral_t05_n5,37,2,5,Qwen/Qwen3-Coder-Next,1,0,1,0,neutral,0.5,4.0,0.0
2026-08-15 09:44:21,IA136_m-qwen3-coder-next_sol1_gd0_rs0_bd1_str-neutral_t05_n5,37,3,1,Qwen/Qwen3-Coder-Next,1,0,1,0,neutral,0.5,0.0,0.0
2026-08-15 09:44:26,IA136_m-qwen3-coder-next_sol1_gd0_rs0_bd1_str-neutral_t05_n5,37,3,2,Qwen/Qwen3-Coder-Next,1,0,1,0,neutral,0.5,0.0,0.0
2026-08-15 09:44:30,IA136_m-qwen3-coder-next_sol1_gd0_rs0_bd1_str-neutral_t05_n5,37,3,3,Qwen/Qwen3-Coder-Next,1,0,1,0,neutral,0.5,0.0,0.0
2026-08-15 09:44:35,IA136_m-qwen3-coder-next_sol1_gd0_rs0_bd1_str-neutral_t05_n5,37,3,4,Qwen/Qwen3-Coder-Next,1,0,1,0,neutral,0.5,0.0,0.0
2026-08-15 09:44:40,IA136_m-qwen3-coder-next_sol1_gd0_rs0_bd1_str-neutral_t05_n5,37,3,5,Qwen/Qwen3-Coder-Next,1,0,1,0,neutral,0.5,0.0,0.0
2026-08-15 09:44:45,IA136_m-qwen3-coder-next_sol1_gd0_rs0_bd1_str-neutral_t05_n5,38,1,1,Qwen/Qwen3-Coder-Next,1,0,1,0,neutral,0.5,13.5,0.0
2026-08-15 09:44:50,IA136_m-qwen3-coder-next_sol1_gd0_rs0_bd1_str-neutral_t05_n5,38,1,2,Qwen/Qwen3-Coder-Next,1,0,1,0,neutral,0.5,11.5,0.0
2026-08-15 09:44:54,IA136_m-qwen3-coder-next_sol1_gd0_rs0_bd1_str-neutral_t05_n5,38,1,3,Qwen/Qwen3-Coder-Next,1,0,1,0,neutral,0.5,12.5,0.0
2026-08-15 09:44:58,IA136_m-qwen3-coder-next_sol1_gd0_rs0_bd1_str-neutral_t05_n5,38,1,4,Qwen/Qwen3-Coder-Next,1,0,1,0,neutral,0.5,12.0,0.0
2026-08-15 09:45:02,IA136_m-qwen3-coder-next_sol1_gd0_rs0_bd1_str-neutral_t05_n5,38,1,5,Qwen/Qwen3-Coder-Next,1,0,1,0,neutral,0.5,10.5,0.0
2026-08-15 09:45:05,IA136_m-qwen3-coder-next_sol1_gd0_rs0_bd1_str-neutral_t05_n5,38,2,1,Qwen/Qwen3-Coder-Next,1,0,1,0,neutral,0.5,0.0,0.0
2026-08-15 09:45:08,IA136_m-qwen3-coder-next_sol1_gd0_rs0_bd1_str-neutral_t05_n5,38,2,2,Qwen/Qwen3-Coder-Next,1,0,1,0,neutral,0.5,0.0,0.0
2026-08-15 09:45:11,IA136_m-qwen3-coder-next_sol1_gd0_rs0_bd1_str-neutral_t05_n5,38,2,3,Qwen/Qwen3-Coder-Next,1,0,1,0,neutral,0.5,0.0,0.0
2026-08-15 09:45:14,IA136_m-qwen3-coder-next_sol1_gd0_rs0_bd1_str-neutral_t05_n5,38,2,4,Qwen/Qwen3-Coder-Next,1,0,1,0,neutral,0.5,0.0,0.0
2026-08-15 09:45:17,IA136_m-qwen3-coder-next_sol1_gd0_rs0_bd1_str-neutral_t05_n5,38,2,5,Qwen/Qwen3-Coder-Next,1,0,1,0,neutral,0.5,0.0,0.0
2026-08-15 09:45:20,IA136_m-qwen3-coder-next_sol1_gd0_rs0_bd1_str-neutral_t05_n5,38,3,1,Qwen/Qwen3-Coder-Next,1,0,1,0,neutral,0.5,6.5,0.0
2026-08-15 09:45:24,IA136_m-qwen3-coder-next_sol1_gd0_rs0_bd1_str-neutral_t05_n5,38,3,2,Qwen/Qwen3-Coder-Next,1,0,1,0,neutral,0.5,6.0,0.0
2026-08-15 09:45:28,IA136_m-qwen3-coder-next_sol1_gd0_rs0_bd1_str-neutral_t05_n5,38,3,3,Qwen/Qwen3-Coder-Next,1,0,1,0,neutral,0.5,8.5,0.0
2026-08-15 09:45:32,IA136_m-qwen3-coder-next_sol1_gd0_rs0_bd1_str-neutral_t05_n5,38,3,4,Qwen/Qwen3-Coder-Next,1,0,1,0,neutral,0.5,7.5,0.0
2026-08-15 09:45:36,IA136_m-qwen3-coder-next_sol1_gd0_rs0_bd1_str-neutral_t05_n5,38,3,5,Qwen/Qwen3-Coder-Next,1,0,1,0,neutral,0.5,7.5,0.0
2026-08-15 09:45:40,IA136_m-qwen3-coder-next_sol1_gd0_rs0_bd1_str-neutral_t05_n5,39,1,1,Qwen/Qwen3-Coder-Next,1,0,1,0,neutral,0.5,7.5,0.0
2026-08-15 09:45:44,IA136_m-qwen3-coder-next_sol1_gd0_rs0_bd1_str-neutral_t05_n5,39,1,2,Qwen/Qwen3-Coder-Next,1,0,1,0,neutral,0.5,10.5,0.0
2026-08-15 09:45:48,IA136_m-qwen3-coder-next_sol1_gd0_rs0_bd1_str-neutral_t05_n5,39,1,3,Qwen/Qwen3-Coder-Next,1,0,1,0,neutral,0.5,10.0,0.0
2026-08-15 09:45:54,IA136_m-qwen3-coder-next_sol1_gd0_rs0_bd1_str-neutral_t05_n5,39,1,4,Qwen/Qwen3-Coder-Next,1,0,1,0,neutral,0.5,10.5,0.0
2026-08-15 09:45:59,IA136_m-qwen3-coder-next_sol1_gd0_rs0_bd1_str-neutral_t05_n5,39,1,5,Qwen/Qwen3-Coder-Next,1,0,1,0,neutral,0.5,9.0,0.0
2026-08-15 09:46:02,IA136_m-qwen3-coder-next_sol1_gd0_rs0_bd1_str-neutral_t05_n5,39,2,1,Qwen/Qwen3-Coder-Next,1,0,1,0,neutral,0.5,0.0,0.0
2026-08-15 09:46:05,IA136_m-qwen3-coder-next_sol1_gd0_rs0_bd1_str-neutral_t05_n5,39,2,2,Qwen/Qwen3-Coder-Next,1,0,1,0,neutral,0.5,0.0,0.0
2026-08-15 09:46:08,IA136_m-qwen3-coder-next_sol1_gd0_rs0_bd1_str-neutral_t05_n5,39,2,3,Qwen/Qwen3-Coder-Next,1,0,1,0,neutral,0.5,0.0,0.0
2026-08-15 09:46:11,IA136_m-qwen3-coder-next_sol1_gd0_rs0_bd1_str-neutral_t05_n5,39,2,4,Qwen/Qwen3-Coder-Next,1,0,1,0,neutral,0.5,0.0,0.0
2026-08-15 09:46:14,IA136_m-qwen3-coder-next_sol1_gd0_rs0_bd1_str-neutral_t05_n5,39,2,5,Qwen/Qwen3-Coder-Next,1,0,1,0,neutral,0.5,0.0,0.0
2026-08-15 09:46:18,IA136_m-qwen3-coder-next_sol1_gd0_rs0_bd1_str-neutral_t05_n5,39,3,1,Qwen/Qwen3-Coder-Next,1,0,1,0,neutral,0.5,0.0,0.0
2026-08-15 09:46:21,IA136_m-qwen3-coder-next_sol1_gd0_rs0_bd1_str-neutral_t05_n5,39,3,2,Qwen/Qwen3-Coder-Next,1,0,1,0,neutral,0.5,0.0,0.0
2026-08-15 09:46:24,IA136_m-qwen3-coder-next_sol1_gd0_rs0_bd1_str-neutral_t05_n5,39,3,3,Qwen/Qwen3-Coder-Next,1,0,1,0,neutral,0.5,0.0,0.0
2026-08-15 09:46:27,IA136_m-qwen3-coder-next_sol1_gd0_rs0_bd1_str-neutral_t05_n5,39,3,4,Qwen/Qwen3-Coder-Next,1,0,1,0,neutral,0.5,0.0,0.0
2026-08-15 09:46:31,IA136_m-qwen3-coder-next_sol1_gd0_rs0_bd1_str-neutral_t05_n5,39,3,5,Qwen/Qwen3-Coder-Next,1,0,1,0,neutral,0.5,0.0,0.0
2026-08-15 09:46:34,IA136_m-qwen3-coder-next_sol1_gd0_rs0_bd1_str-neutral_t05_n5,40,1,1,Qwen/Qwen3-Coder-Next,1,0,1,0,neutral,0.5,0.0,0.0
2026-08-15 09:46:38,IA136_m-qwen3-coder-next_sol1_gd0_rs0_bd1_str-neutral_t05_n5,40,1,2,Qwen/Qwen3-Coder-Next,1,0,1,0,neutral,0.5,0.0,0.0
2026-08-15 09:46:42,IA136_m-qwen3-coder-next_sol1_gd0_rs0_bd1_str-neutral_t05_n5,40,1,3,Qwen/Qwen3-Coder-Next,1,0,1,0,neutral,0.5,0.0,0.0
2026-08-15 09:46:47,IA136_m-qwen3-coder-next_sol1_gd0_rs0_bd1_str-neutral_t05_n5,40,1,4,Qwen/Qwen3-Coder-Next,1,0,1,0,neutral,0.5,0.0,0.0
2026-08-15 09:46:50,IA136_m-qwen3-coder-next_sol1_gd0_rs0_bd1_str-neutral_t05_n5,40,1,5,Qwen/Qwen3-Coder-Next,1,0,1,0,neutral,0.5,0.0,0.0
2026-08-15 09:46:53,IA136_m-qwen3-coder-next_sol1_gd0_rs0_bd1_str-neutral_t05_n5,40,2,1,Qwen/Qwen3-Coder-Next,1,0,1,0,neutral,0.5,0.0,0.0
2026-08-15 09:46:56,IA136_m-qwen3-coder-next_sol1_gd0_rs0_bd1_str-neutral_t05_n5,40,2,2,Qwen/Qwen3-Coder-Next,1,0,1,0,neutral,0.5,0.0,0.0
2026-08-15 09:46:58,IA136_m-qwen3-coder-next_sol1_gd0_rs0_bd1_str-neutral_t05_n5,40,2,3,Qwen/Qwen3-Coder-Next,1,0,1,0,neutral,0.5,0.0,0.0
2026-08-15 09:47:01,IA136_m-qwen3-coder-next_sol1_gd0_rs0_bd1_str-neutral_t05_n5,40,2,4,Qwen/Qwen3-Coder-Next,1,0,1,0,neutral,0.5,0.0,0.0
2026-08-15 09:47:04,IA136_m-qwen3-coder-next_sol1_gd0_rs0_bd1_str-neutral_t05_n5,40,2,5,Qwen/Qwen3-Coder-Next,1,0,1,0,neutral,0.5,0.0,0.0
2026-08-15 09:47:07,IA136_m-qwen3-coder-next_sol1_gd0_rs0_bd1_str-neutral_t05_n5,40,3,1,Qwen/Qwen3-Coder-Next,1,0,1,0,neutral,0.5,0.0,0.0
2026-08-15 09:47:10,IA136_m-qwen3-coder-next_sol1_gd0_rs0_bd1_str-neutral_t05_n5,40,3,2,Qwen/Qwen3-Coder-Next,1,0,1,0,neutral,0.5,0.0,0.0
2026-08-15 09:47:14,IA136_m-qwen3-coder-next_sol1_gd0_rs0_bd1_str-neutral_t05_n5,40,3,3,Qwen/Qwen3-Coder-Next,1,0,1,0,neutral,0.5,0.0,0.0
2026-08-15 09:47:17,IA136_m-qwen3-coder-next_sol1_gd0_rs0_bd1_str-neutral_t05_n5,40,3,4,Qwen/Qwen3-Coder-Next,1,0,1,0,neutral,0.5,0.0,0.0
2026-08-15 09:47:20,IA136_m-qwen3-coder-next_sol1_gd0_rs0_bd1_str-neutral_t05_n5,40,3,5,Qwen/Qwen3-Coder-Next,1,0,1,0,neutral,0.5,0.0,0.0
2026-08-15 09:47:25,IA136_m-qwen3-coder-next_sol1_gd0_rs0_bd1_str-neutral_t05_n5,41,1,1,Qwen/Qwen3-Coder-Next,1,0,1,0,neutral,0.5,8.0,0.0
2026-08-15 09:47:29,IA136_m-qwen3-coder-next_sol1_gd0_rs0_bd1_str-neutral_t05_n5,41,1,2,Qwen/Qwen3-Coder-Next,1,0,1,0,neutral,0.5,6.5,0.0
2026-08-15 09:47:34,IA136_m-qwen3-coder-next_sol1_gd0_rs0_bd1_str-neutral_t05_n5,41,1,3,Qwen/Qwen3-Coder-Next,1,0,1,0,neutral,0.5,6.0,0.0
2026-08-15 09:47:38,IA136_m-qwen3-coder-next_sol1_gd0_rs0_bd1_str-neutral_t05_n5,41,1,4,Qwen/Qwen3-Coder-Next,1,0,1,0,neutral,0.5,6.0,0.0
2026-08-15 09:47:43,IA136_m-qwen3-coder-next_sol1_gd0_rs0_bd1_str-neutral_t05_n5,41,1,5,Qwen/Qwen3-Coder-Next,1,0,1,0,neutral,0.5,6.0,0.0
2026-08-15 09:47:47,IA136_m-qwen3-coder-next_sol1_gd0_rs0_bd1_str-neutral_t05_n5,41,2,1,Qwen/Qwen3-Coder-Next,1,0,1,0,neutral,0.5,5.0,0.0
2026-08-15 09:47:51,IA136_m-qwen3-coder-next_sol1_gd0_rs0_bd1_str-neutral_t05_n5,41,2,2,Qwen/Qwen3-Coder-Next,1,0,1,0,neutral,0.5,6.0,0.0
2026-08-15 09:47:56,IA136_m-qwen3-coder-next_sol1_gd0_rs0_bd1_str-neutral_t05_n5,41,2,3,Qwen/Qwen3-Coder-Next,1,0,1,0,neutral,0.5,5.0,0.0
2026-08-15 09:48:00,IA136_m-qwen3-coder-next_sol1_gd0_rs0_bd1_str-neutral_t05_n5,41,2,4,Qwen/Qwen3-Coder-Next,1,0,1,0,neutral,0.5,5.5,0.0
2026-08-15 09:48:04,IA136_m-qwen3-coder-next_sol1_gd0_rs0_bd1_str-neutral_t05_n5,41,2,5,Qwen/Qwen3-Coder-Next,1,0,1,0,neutral,0.5,5.0,0.0
2026-08-15 09:48:08,IA136_m-qwen3-coder-next_sol1_gd0_rs0_bd1_str-neutral_t05_n5,41,3,1,Qwen/Qwen3-Coder-Next,1,0,1,0,neutral,0.5,3.5,0.0
2026-08-15 09:48:12,IA136_m-qwen3-coder-next_sol1_gd0_rs0_bd1_str-neutral_t05_n5,41,3,2,Qwen/Qwen3-Coder-Next,1,0,1,0,neutral,0.5,5.0,0.0
2026-08-15 09:48:16,IA136_m-qwen3-coder-next_sol1_gd0_rs0_bd1_str-neutral_t05_n5,41,3,3,Qwen/Qwen3-Coder-Next,1,0,1,0,neutral,0.5,4.0,0.0
2026-08-15 09:48:20,IA136_m-qwen3-coder-next_sol1_gd0_rs0_bd1_str-neutral_t05_n5,41,3,4,Qwen/Qwen3-Coder-Next,1,0,1,0,neutral,0.5,5.5,0.0
2026-08-15 09:48:24,IA136_m-qwen3-coder-next_sol1_gd0_rs0_bd1_str-neutral_t05_n5,41,3,5,Qwen/Qwen3-Coder-Next,1,0,1,0,neutral,0.5,4.5,0.0
2026-08-15 09:48:27,IA136_m-qwen3-coder-next_sol1_gd0_rs0_bd1_str-neutral_t05_n5,42,1,1,Qwen/Qwen3-Coder-Next,1,0,1,0,neutral,0.5,0.0,0.0
2026-08-15 09:48:32,IA136_m-qwen3-coder-next_sol1_gd0_rs0_bd1_str-neutral_t05_n5,42,1,2,Qwen/Qwen3-Coder-Next,1,0,1,0,neutral,0.5,0.0,0.0
2026-08-15 09:48:35,IA136_m-qwen3-coder-next_sol1_gd0_rs0_bd1_str-neutral_t05_n5,42,1,3,Qwen/Qwen3-Coder-Next,1,0,1,0,neutral,0.5,0.0,0.0
2026-08-15 09:48:39,IA136_m-qwen3-coder-next_sol1_gd0_rs0_bd1_str-neutral_t05_n5,42,1,4,Qwen/Qwen3-Coder-Next,1,0,1,0,neutral,0.5,0.0,0.0
2026-08-15 09:48:43,IA136_m-qwen3-coder-next_sol1_gd0_rs0_bd1_str-neutral_t05_n5,42,1,5,Qwen/Qwen3-Coder-Next,1,0,1,0,neutral,0.5,0.0,0.0
2026-08-15 09:48:46,IA136_m-qwen3-coder-next_sol1_gd0_rs0_bd1_str-neutral_t05_n5,42,2,1,Qwen/Qwen3-Coder-Next,1,0,1,0,neutral,0.5,0.0,0.0
2026-08-15 09:48:49,IA136_m-qwen3-coder-next_sol1_gd0_rs0_bd1_str-neutral_t05_n5,42,2,2,Qwen/Qwen3-Coder-Next,1,0,1,0,neutral,0.5,0.0,0.0
2026-08-15 09:48:51,IA136_m-qwen3-coder-next_sol1_gd0_rs0_bd1_str-neutral_t05_n5,42,2,3,Qwen/Qwen3-Coder-Next,1,0,1,0,neutral,0.5,0.0,0.0
2026-08-15 09:48:54,IA136_m-qwen3-coder-next_sol1_gd0_rs0_bd1_str-neutral_t05_n5,42,2,4,Qwen/Qwen3-Coder-Next,1,0,1,0,neutral,0.5,0.0,0.0
2026-08-15 09:48:57,IA136_m-qwen3-coder-next_sol1_gd0_rs0_bd1_str-neutral_t05_n5,42,2,5,Qwen/Qwen3-Coder-Next,1,0,1,0,neutral,0.5,0.0,0.0
2026-08-15 09:49:01,IA136_m-qwen3-coder-next_sol1_gd0_rs0_bd1_str-neutral_t05_n5,42,3,1,Qwen/Qwen3-Coder-Next,1,0,1,0,neutral,0.5,0.0,0.0
2026-08-15 09:49:04,IA136_m-qwen3-coder-next_sol1_gd0_rs0_bd1_str-neutral_t05_n5,42,3,2,Qwen/Qwen3-Coder-Next,1,0,1,0,neutral,0.5,0.0,0.0
2026-08-15 09:49:08,IA136_m-qwen3-coder-next_sol1_gd0_rs0_bd1_str-neutral_t05_n5,42,3,3,Qwen/Qwen3-Coder-Next,1,0,1,0,neutral,0.5,0.0,0.0
2026-08-15 09:49:12,IA136_m-qwen3-coder-next_sol1_gd0_rs0_bd1_str-neutral_t05_n5,42,3,4,Qwen/Qwen3-Coder-Next,1,0,1,0,neutral,0.5,0.0,0.0
2026-08-15 09:49:15,IA136_m-qwen3-coder-next_sol1_gd0_rs0_bd1_str-neutral_t05_n5,42,3,5,Qwen/Qwen3-Coder-Next,1,0,1,0,neutral,0.5,0.0,0.0
2026-08-15 09:49:19,IA136_m-qwen3-coder-next_sol1_gd0_rs0_bd1_str-neutral_t05_n5,43,1,1,Qwen/Qwen3-Coder-Next,1,0,1,0,neutral,0.5,1.5,0.0
2026-08-15 09:49:24,IA136_m-qwen3-coder-next_sol1_gd0_rs0_bd1_str-neutral_t05_n5,43,1,2,Qwen/Qwen3-Coder-Next,1,0,1,0,neutral,0.5,2.0,0.0
2026-08-15 09:49:27,IA136_m-qwen3-coder-next_sol1_gd0_rs0_bd1_str-neutral_t05_n5,43,1,3,Qwen/Qwen3-Coder-Next,1,0,1,0,neutral,0.5,0.0,0.0
2026-08-15 09:49:32,IA136_m-qwen3-coder-next_sol1_gd0_rs0_bd1_str-neutral_t05_n5,43,1,4,Qwen/Qwen3-Coder-Next,1,0,1,0,neutral,0.5,4.5,0.0
2026-08-15 09:49:36,IA136_m-qwen3-coder-next_sol1_gd0_rs0_bd1_str-neutral_t05_n5,43,1,5,Qwen/Qwen3-Coder-Next,1,0,1,0,neutral,0.5,0.0,0.0
2026-08-15 09:49:39,IA136_m-qwen3-coder-next_sol1_gd0_rs0_bd1_str-neutral_t05_n5,43,2,1,Qwen/Qwen3-Coder-Next,1,0,1,0,neutral,0.5,0.0,0.0
2026-08-15 09:49:42,IA136_m-qwen3-coder-next_sol1_gd0_rs0_bd1_str-neutral_t05_n5,43,2,2,Qwen/Qwen3-Coder-Next,1,0,1,0,neutral,0.5,2.0,0.0
2026-08-15 09:49:44,IA136_m-qwen3-coder-next_sol1_gd0_rs0_bd1_str-neutral_t05_n5,43,2,3,Qwen/Qwen3-Coder-Next,1,0,1,0,neutral,0.5,0.0,0.0
2026-08-15 09:49:47,IA136_m-qwen3-coder-next_sol1_gd0_rs0_bd1_str-neutral_t05_n5,43,2,4,Qwen/Qwen3-Coder-Next,1,0,1,0,neutral,0.5,0.0,0.0
2026-08-15 09:49:50,IA136_m-qwen3-coder-next_sol1_gd0_rs0_bd1_str-neutral_t05_n5,43,2,5,Qwen/Qwen3-Coder-Next,1,0,1,0,neutral,0.5,0.0,0.0
2026-08-15 09:49:53,IA136_m-qwen3-coder-next_sol1_gd0_rs0_bd1_str-neutral_t05_n5,43,3,1,Qwen/Qwen3-Coder-Next,1,0,1,0,neutral,0.5,0.0,0.0
2026-08-15 09:49:57,IA136_m-qwen3-coder-next_sol1_gd0_rs0_bd1_str-neutral_t05_n5,43,3,2,Qwen/Qwen3-Coder-Next,1,0,1,0,neutral,0.5,0.0,0.0
2026-08-15 09:50:02,IA136_m-qwen3-coder-next_sol1_gd0_rs0_bd1_str-neutral_t05_n5,43,3,3,Qwen/Qwen3-Coder-Next,1,0,1,0,neutral,0.5,0.0,0.0
2026-08-15 09:50:05,IA136_m-qwen3-coder-next_sol1_gd0_rs0_bd1_str-neutral_t05_n5,43,3,4,Qwen/Qwen3-Coder-Next,1,0,1,0,neutral,0.5,0.0,0.0
2026-08-15 09:50:09,IA136_m-qwen3-coder-next_sol1_gd0_rs0_bd1_str-neutral_t05_n5,43,3,5,Qwen/Qwen3-Coder-Next,1,0,1,0,neutral,0.5,0.0,0.0
2026-08-15 09:50:13,IA136_m-qwen3-coder-next_sol1_gd0_rs0_bd1_str-neutral_t05_n5,44,1,1,Qwen/Qwen3-Coder-Next,1,0,1,0,neutral,0.5,12.5,0.0
2026-08-15 09:50:17,IA136_m-qwen3-coder-next_sol1_gd0_rs0_bd1_str-neutral_t05_n5,44,1,2,Qwen/Qwen3-Coder-Next,1,0,1,0,neutral,0.5,12.0,0.0
2026-08-15 09:50:21,IA136_m-qwen3-coder-next_sol1_gd0_rs0_bd1_str-neutral_t05_n5,44,1,3,Qwen/Qwen3-Coder-Next,1,0,1,0,neutral,0.5,12.5,0.0
2026-08-15 09:50:27,IA136_m-qwen3-coder-next_sol1_gd0_rs0_bd1_str-neutral_t05_n5,44,1,4,Qwen/Qwen3-Coder-Next,1,0,1,0,neutral,0.5,13.5,0.0
2026-08-15 09:50:31,IA136_m-qwen3-coder-next_sol1_gd0_rs0_bd1_str-neutral_t05_n5,44,1,5,Qwen/Qwen3-Coder-Next,1,0,1,0,neutral,0.5,14.5,0.0
2026-08-15 09:50:38,IA136_m-qwen3-coder-next_sol1_gd0_rs0_bd1_str-neutral_t05_n5,44,2,1,Qwen/Qwen3-Coder-Next,1,0,1,0,neutral,0.5,4.0,0.0
2026-08-15 09:50:41,IA136_m-qwen3-coder-next_sol1_gd0_rs0_bd1_str-neutral_t05_n5,44,2,2,Qwen/Qwen3-Coder-Next,1,0,1,0,neutral,0.5,5.0,0.0
2026-08-15 09:50:46,IA136_m-qwen3-coder-next_sol1_gd0_rs0_bd1_str-neutral_t05_n5,44,2,3,Qwen/Qwen3-Coder-Next,1,0,1,0,neutral,0.5,6.0,0.0
2026-08-15 09:50:50,IA136_m-qwen3-coder-next_sol1_gd0_rs0_bd1_str-neutral_t05_n5,44,2,4,Qwen/Qwen3-Coder-Next,1,0,1,0,neutral,0.5,5.0,0.0
2026-08-15 09:50:54,IA136_m-qwen3-coder-next_sol1_gd0_rs0_bd1_str-neutral_t05_n5,44,2,5,Qwen/Qwen3-Coder-Next,1,0,1,0,neutral,0.5,5.0,0.0
2026-08-15 09:51:02,IA136_m-qwen3-coder-next_sol1_gd0_rs0_bd1_str-neutral_t05_n5,44,3,1,Qwen/Qwen3-Coder-Next,1,0,1,0,neutral,0.5,4.0,0.0
2026-08-15 09:51:05,IA136_m-qwen3-coder-next_sol1_gd0_rs0_bd1_str-neutral_t05_n5,44,3,2,Qwen/Qwen3-Coder-Next,1,0,1,0,neutral,0.5,2.0,0.0
2026-08-15 09:51:09,IA136_m-qwen3-coder-next_sol1_gd0_rs0_bd1_str-neutral_t05_n5,44,3,3,Qwen/Qwen3-Coder-Next,1,0,1,0,neutral,0.5,4.0,0.0
2026-08-15 09:51:12,IA136_m-qwen3-coder-next_sol1_gd0_rs0_bd1_str-neutral_t05_n5,44,3,4,Qwen/Qwen3-Coder-Next,1,0,1,0,neutral,0.5,4.0,0.0
2026-08-15 09:51:16,IA136_m-qwen3-coder-next_sol1_gd0_rs0_bd1_str-neutral_t05_n5,44,3,5,Qwen/Qwen3-Coder-Next,1,0,1,0,neutral,0.5,3.5,0.0
2026-08-15 09:51:20,IA136_m-qwen3-coder-next_sol1_gd0_rs0_bd1_str-neutral_t05_n5,45,1,1,Qwen/Qwen3-Coder-Next,1,0,1,0,neutral,0.5,8.0,0.0
2026-08-15 09:51:24,IA136_m-qwen3-coder-next_sol1_gd0_rs0_bd1_str-neutral_t05_n5,45,1,2,Qwen/Qwen3-Coder-Next,1,0,1,0,neutral,0.5,8.5,0.0
2026-08-15 09:51:28,IA136_m-qwen3-coder-next_sol1_gd0_rs0_bd1_str-neutral_t05_n5,45,1,3,Qwen/Qwen3-Coder-Next,1,0,1,0,neutral,0.5,10.0,0.0
2026-08-15 09:51:32,IA136_m-qwen3-coder-next_sol1_gd0_rs0_bd1_str-neutral_t05_n5,45,1,4,Qwen/Qwen3-Coder-Next,1,0,1,0,neutral,0.5,6.5,0.0
2026-08-15 09:51:37,IA136_m-qwen3-coder-next_sol1_gd0_rs0_bd1_str-neutral_t05_n5,45,1,5,Qwen/Qwen3-Coder-Next,1,0,1,0,neutral,0.5,8.0,0.0
2026-08-15 09:51:41,IA136_m-qwen3-coder-next_sol1_gd0_rs0_bd1_str-neutral_t05_n5,45,2,1,Qwen/Qwen3-Coder-Next,1,0,1,0,neutral,0.5,2.0,0.0
2026-08-15 09:51:45,IA136_m-qwen3-coder-next_sol1_gd0_rs0_bd1_str-neutral_t05_n5,45,2,2,Qwen/Qwen3-Coder-Next,1,0,1,0,neutral,0.5,4.0,0.0
2026-08-15 09:51:49,IA136_m-qwen3-coder-next_sol1_gd0_rs0_bd1_str-neutral_t05_n5,45,2,3,Qwen/Qwen3-Coder-Next,1,0,1,0,neutral,0.5,4.0,0.0
2026-08-15 09:51:53,IA136_m-qwen3-coder-next_sol1_gd0_rs0_bd1_str-neutral_t05_n5,45,2,4,Qwen/Qwen3-Coder-Next,1,0,1,0,neutral,0.5,4.0,0.0
2026-08-15 09:51:57,IA136_m-qwen3-coder-next_sol1_gd0_rs0_bd1_str-neutral_t05_n5,45,2,5,Qwen/Qwen3-Coder-Next,1,0,1,0,neutral,0.5,3.0,0.0
2026-08-15 09:52:01,IA136_m-qwen3-coder-next_sol1_gd0_rs0_bd1_str-neutral_t05_n5,45,3,1,Qwen/Qwen3-Coder-Next,1,0,1,0,neutral,0.5,8.0,0.0
2026-08-15 09:52:04,IA136_m-qwen3-coder-next_sol1_gd0_rs0_bd1_str-neutral_t05_n5,45,3,2,Qwen/Qwen3-Coder-Next,1,0,1,0,neutral,0.5,11.0,0.0
2026-08-15 09:52:09,IA136_m-qwen3-coder-next_sol1_gd0_rs0_bd1_str-neutral_t05_n5,45,3,3,Qwen/Qwen3-Coder-Next,1,0,1,0,neutral,0.5,12.5,0.0
2026-08-15 09:52:13,IA136_m-qwen3-coder-next_sol1_gd0_rs0_bd1_str-neutral_t05_n5,45,3,4,Qwen/Qwen3-Coder-Next,1,0,1,0,neutral,0.5,12.5,0.0
2026-08-15 09:52:17,IA136_m-qwen3-coder-next_sol1_gd0_rs0_bd1_str-neutral_t05_n5,45,3,5,Qwen/Qwen3-Coder-Next,1,0,1,0,neutral,0.5,8.0,0.0
2026-08-15 09:52:20,IA136_m-qwen3-coder-next_sol1_gd0_rs0_bd1_str-neutral_t05_n5,46,1,1,Qwen/Qwen3-Coder-Next,1,0,1,0,neutral,0.5,9.5,0.0
2026-08-15 09:52:24,IA136_m-qwen3-coder-next_sol1_gd0_rs0_bd1_str-neutral_t05_n5,46,1,2,Qwen/Qwen3-Coder-Next,1,0,1,0,neutral,0.5,12.5,0.0
2026-08-15 09:52:28,IA136_m-qwen3-coder-next_sol1_gd0_rs0_bd1_str-neutral_t05_n5,46,1,3,Qwen/Qwen3-Coder-Next,1,0,1,0,neutral,0.5,11.0,0.0
2026-08-15 09:52:32,IA136_m-qwen3-coder-next_sol1_gd0_rs0_bd1_str-neutral_t05_n5,46,1,4,Qwen/Qwen3-Coder-Next,1,0,1,0,neutral,0.5,10.0,0.0
2026-08-15 09:52:36,IA136_m-qwen3-coder-next_sol1_gd0_rs0_bd1_str-neutral_t05_n5,46,1,5,Qwen/Qwen3-Coder-Next,1,0,1,0,neutral,0.5,8.5,0.0
2026-08-15 09:52:41,IA136_m-qwen3-coder-next_sol1_gd0_rs0_bd1_str-neutral_t05_n5,46,2,1,Qwen/Qwen3-Coder-Next,1,0,1,0,neutral,0.5,6.0,0.0
2026-08-15 09:52:45,IA136_m-qwen3-coder-next_sol1_gd0_rs0_bd1_str-neutral_t05_n5,46,2,2,Qwen/Qwen3-Coder-Next,1,0,1,0,neutral,0.5,5.0,0.0
2026-08-15 09:52:50,IA136_m-qwen3-coder-next_sol1_gd0_rs0_bd1_str-neutral_t05_n5,46,2,3,Qwen/Qwen3-Coder-Next,1,0,1,0,neutral,0.5,5.0,0.0
2026-08-15 09:52:54,IA136_m-qwen3-coder-next_sol1_gd0_rs0_bd1_str-neutral_t05_n5,46,2,4,Qwen/Qwen3-Coder-Next,1,0,1,0,neutral,0.5,6.0,0.0
2026-08-15 09:52:58,IA136_m-qwen3-coder-next_sol1_gd0_rs0_bd1_str-neutral_t05_n5,46,2,5,Qwen/Qwen3-Coder-Next,1,0,1,0,neutral,0.5,7.0,0.0
2026-08-15 09:53:01,IA136_m-qwen3-coder-next_sol1_gd0_rs0_bd1_str-neutral_t05_n5,46,3,1,Qwen/Qwen3-Coder-Next,1,0,1,0,neutral,0.5,2.0,0.0
2026-08-15 09:53:04,IA136_m-qwen3-coder-next_sol1_gd0_rs0_bd1_str-neutral_t05_n5,46,3,2,Qwen/Qwen3-Coder-Next,1,0,1,0,neutral,0.5,2.0,0.0
2026-08-15 09:53:08,IA136_m-qwen3-coder-next_sol1_gd0_rs0_bd1_str-neutral_t05_n5,46,3,3,Qwen/Qwen3-Coder-Next,1,0,1,0,neutral,0.5,2.0,0.0
2026-08-15 09:53:12,IA136_m-qwen3-coder-next_sol1_gd0_rs0_bd1_str-neutral_t05_n5,46,3,4,Qwen/Qwen3-Coder-Next,1,0,1,0,neutral,0.5,2.0,0.0
2026-08-15 09:53:16,IA136_m-qwen3-coder-next_sol1_gd0_rs0_bd1_str-neutral_t05_n5,46,3,5,Qwen/Qwen3-Coder-Next,1,0,1,0,neutral,0.5,2.0,0.0
2026-08-15 09:53:21,IA136_m-qwen3-coder-next_sol1_gd0_rs0_bd1_str-neutral_t05_n5,47,1,1,Qwen/Qwen3-Coder-Next,1,0,1,0,neutral,0.5,9.0,0.0
2026-08-15 09:53:25,IA136_m-qwen3-coder-next_sol1_gd0_rs0_bd1_str-neutral_t05_n5,47,1,2,Qwen/Qwen3-Coder-Next,1,0,1,0,neutral,0.5,8.0,0.0
2026-08-15 09:53:29,IA136_m-qwen3-coder-next_sol1_gd0_rs0_bd1_str-neutral_t05_n5,47,1,3,Qwen/Qwen3-Coder-Next,1,0,1,0,neutral,0.5,10.0,0.0
2026-08-15 09:53:34,IA136_m-qwen3-coder-next_sol1_gd0_rs0_bd1_str-neutral_t05_n5,47,1,4,Qwen/Qwen3-Coder-Next,1,0,1,0,neutral,0.5,8.0,0.0
2026-08-15 09:53:38,IA136_m-qwen3-coder-next_sol1_gd0_rs0_bd1_str-neutral_t05_n5,47,1,5,Qwen/Qwen3-Coder-Next,1,0,1,0,neutral,0.5,8.5,0.0
2026-08-15 09:53:43,IA136_m-qwen3-coder-next_sol1_gd0_rs0_bd1_str-neutral_t05_n5,47,2,1,Qwen/Qwen3-Coder-Next,1,0,1,0,neutral,0.5,5.0,0.0
2026-08-15 09:53:47,IA136_m-qwen3-coder-next_sol1_gd0_rs0_bd1_str-neutral_t05_n5,47,2,2,Qwen/Qwen3-Coder-Next,1,0,1,0,neutral,0.5,5.0,0.0
2026-08-15 09:53:51,IA136_m-qwen3-coder-next_sol1_gd0_rs0_bd1_str-neutral_t05_n5,47,2,3,Qwen/Qwen3-Coder-Next,1,0,1,0,neutral,0.5,4.5,0.0
2026-08-15 09:53:57,IA136_m-qwen3-coder-next_sol1_gd0_rs0_bd1_str-neutral_t05_n5,47,2,4,Qwen/Qwen3-Coder-Next,1,0,1,0,neutral,0.5,4.0,0.0
2026-08-15 09:54:01,IA136_m-qwen3-coder-next_sol1_gd0_rs0_bd1_str-neutral_t05_n5,47,2,5,Qwen/Qwen3-Coder-Next,1,0,1,0,neutral,0.5,5.0,0.0
2026-08-15 09:54:05,IA136_m-qwen3-coder-next_sol1_gd0_rs0_bd1_str-neutral_t05_n5,47,3,1,Qwen/Qwen3-Coder-Next,1,0,1,0,neutral,0.5,4.5,0.0
2026-08-15 09:54:09,IA136_m-qwen3-coder-next_sol1_gd0_rs0_bd1_str-neutral_t05_n5,47,3,2,Qwen/Qwen3-Coder-Next,1,0,1,0,neutral,0.5,4.0,0.0
2026-08-15 09:54:12,IA136_m-qwen3-coder-next_sol1_gd0_rs0_bd1_str-neutral_t05_n5,47,3,3,Qwen/Qwen3-Coder-Next,1,0,1,0,neutral,0.5,4.0,0.0
2026-08-15 09:54:16,IA136_m-qwen3-coder-next_sol1_gd0_rs0_bd1_str-neutral_t05_n5,47,3,4,Qwen/Qwen3-Coder-Next,1,0,1,0,neutral,0.5,6.5,0.0
2026-08-15 09:54:20,IA136_m-qwen3-coder-next_sol1_gd0_rs0_bd1_str-neutral_t05_n5,47,3,5,Qwen/Qwen3-Coder-Next,1,0,1,0,neutral,0.5,4.5,0.0
2026-08-15 09:54:24,IA136_m-qwen3-coder-next_sol1_gd0_rs0_bd1_str-neutral_t05_n5,48,1,1,Qwen/Qwen3-Coder-Next,1,0,1,0,neutral,0.5,13.5,0.0
2026-08-15 09:54:28,IA136_m-qwen3-coder-next_sol1_gd0_rs0_bd1_str-neutral_t05_n5,48,1,2,Qwen/Qwen3-Coder-Next,1,0,1,0,neutral,0.5,12.5,0.0
2026-08-15 09:54:33,IA136_m-qwen3-coder-next_sol1_gd0_rs0_bd1_str-neutral_t05_n5,48,1,3,Qwen/Qwen3-Coder-Next,1,0,1,0,neutral,0.5,12.5,0.0
2026-08-15 09:54:37,IA136_m-qwen3-coder-next_sol1_gd0_rs0_bd1_str-neutral_t05_n5,48,1,4,Qwen/Qwen3-Coder-Next,1,0,1,0,neutral,0.5,11.5,0.0
2026-08-15 09:54:41,IA136_m-qwen3-coder-next_sol1_gd0_rs0_bd1_str-neutral_t05_n5,48,1,5,Qwen/Qwen3-Coder-Next,1,0,1,0,neutral,0.5,13.5,0.0
2026-08-15 09:54:51,IA136_m-qwen3-coder-next_sol1_gd0_rs0_bd1_str-neutral_t05_n5,48,2,2,Qwen/Qwen3-Coder-Next,1,0,1,0,neutral,0.5,3.0,0.0
2026-08-15 09:54:55,IA136_m-qwen3-coder-next_sol1_gd0_rs0_bd1_str-neutral_t05_n5,48,2,3,Qwen/Qwen3-Coder-Next,1,0,1,0,neutral,0.5,5.0,0.0
2026-08-15 09:54:59,IA136_m-qwen3-coder-next_sol1_gd0_rs0_bd1_str-neutral_t05_n5,48,2,4,Qwen/Qwen3-Coder-Next,1,0,1,0,neutral,0.5,5.0,0.0
2026-08-15 09:55:05,IA136_m-qwen3-coder-next_sol1_gd0_rs0_bd1_str-neutral_t05_n5,48,2,5,Qwen/Qwen3-Coder-Next,1,0,1,0,neutral,0.5,4.0,0.0
2026-08-15 09:55:08,IA136_m-qwen3-coder-next_sol1_gd0_rs0_bd1_str-neutral_t05_n5,48,3,1,Qwen/Qwen3-Coder-Next,1,0,1,0,neutral,0.5,8.5,0.0
2026-08-15 09:55:12,IA136_m-qwen3-coder-next_sol1_gd0_rs0_bd1_str-neutral_t05_n5,48,3,2,Qwen/Qwen3-Coder-Next,1,0,1,0,neutral,0.5,5.0,0.0
2026-08-15 09:55:16,IA136_m-qwen3-coder-next_sol1_gd0_rs0_bd1_str-neutral_t05_n5,48,3,3,Qwen/Qwen3-Coder-Next,1,0,1,0,neutral,0.5,11.5,0.0
2026-08-15 09:55:20,IA136_m-qwen3-coder-next_sol1_gd0_rs0_bd1_str-neutral_t05_n5,48,3,4,Qwen/Qwen3-Coder-Next,1,0,1,0,neutral,0.5,6.0,0.0
2026-08-15 09:55:24,IA136_m-qwen3-coder-next_sol1_gd0_rs0_bd1_str-neutral_t05_n5,48,3,5,Qwen/Qwen3-Coder-Next,1,0,1,0,neutral,0.5,11.0,0.0
2026-08-15 09:55:28,IA136_m-qwen3-coder-next_sol1_gd0_rs0_bd1_str-neutral_t05_n5,49,1,1,Qwen/Qwen3-Coder-Next,1,0,1,0,neutral,0.5,13.5,0.0
2026-08-15 09:55:32,IA136_m-qwen3-coder-next_sol1_gd0_rs0_bd1_str-neutral_t05_n5,49,1,2,Qwen/Qwen3-Coder-Next,1,0,1,0,neutral,0.5,12.0,0.0
2026-08-15 09:55:37,IA136_m-qwen3-coder-next_sol1_gd0_rs0_bd1_str-neutral_t05_n5,49,1,3,Qwen/Qwen3-Coder-Next,1,0,1,0,neutral,0.5,12.0,0.0
2026-08-15 09:55:41,IA136_m-qwen3-coder-next_sol1_gd0_rs0_bd1_str-neutral_t05_n5,49,1,4,Qwen/Qwen3-Coder-Next,1,0,1,0,neutral,0.5,12.0,0.0
2026-08-15 09:55:46,IA136_m-qwen3-coder-next_sol1_gd0_rs0_bd1_str-neutral_t05_n5,49,1,5,Qwen/Qwen3-Coder-Next,1,0,1,0,neutral,0.5,14.5,0.0
2026-08-15 09:55:50,IA136_m-qwen3-coder-next_sol1_gd0_rs0_bd1_str-neutral_t05_n5,49,2,1,Qwen/Qwen3-Coder-Next,1,0,1,0,neutral,0.5,5.0,0.0
2026-08-15 09:55:54,IA136_m-qwen3-coder-next_sol1_gd0_rs0_bd1_str-neutral_t05_n5,49,2,2,Qwen/Qwen3-Coder-Next,1,0,1,0,neutral,0.5,6.0,0.0
2026-08-15 09:55:59,IA136_m-qwen3-coder-next_sol1_gd0_rs0_bd1_str-neutral_t05_n5,49,2,3,Qwen/Qwen3-Coder-Next,1,0,1,0,neutral,0.5,5.0,0.0
2026-08-15 09:56:03,IA136_m-qwen3-coder-next_sol1_gd0_rs0_bd1_str-neutral_t05_n5,49,2,4,Qwen/Qwen3-Coder-Next,1,0,1,0,neutral,0.5,5.0,0.0
2026-08-15 09:56:06,IA136_m-qwen3-coder-next_sol1_gd0_rs0_bd1_str-neutral_t05_n5,49,2,5,Qwen/Qwen3-Coder-Next,1,0,1,0,neutral,0.5,5.0,0.0
2026-08-15 09:56:10,IA136_m-qwen3-coder-next_sol1_gd0_rs0_bd1_str-neutral_t05_n5,49,3,1,Qwen/Qwen3-Coder-Next,1,0,1,0,neutral,0.5,11.0,0.0
2026-08-15 09:56:14,IA136_m-qwen3-coder-next_sol1_gd0_rs0_bd1_str-neutral_t05_n5,49,3,2,Qwen/Qwen3-Coder-Next,1,0,1,0,neutral,0.5,11.0,0.0
2026-08-15 09:56:19,IA136_m-qwen3-coder-next_sol1_gd0_rs0_bd1_str-neutral_t05_n5,49,3,3,Qwen/Qwen3-Coder-Next,1,0,1,0,neutral,0.5,10.5,0.0
2026-08-15 09:56:23,IA136_m-qwen3-coder-next_sol1_gd0_rs0_bd1_str-neutral_t05_n5,49,3,4,Qwen/Qwen3-Coder-Next,1,0,1,0,neutral,0.5,10.0,0.0
2026-08-15 09:56:27,IA136_m-qwen3-coder-next_sol1_gd0_rs0_bd1_str-neutral_t05_n5,49,3,5,Qwen/Qwen3-Coder-Next,1,0,1,0,neutral,0.5,12.5,0.0
2026-08-15 09:56:31,IA136_m-qwen3-coder-next_sol1_gd0_rs0_bd1_str-neutral_t05_n5,50,1,1,Qwen/Qwen3-Coder-Next,1,0,1,0,neutral,0.5,12.5,0.0
2026-08-15 09:56:35,IA136_m-qwen3-coder-next_sol1_gd0_rs0_bd1_str-neutral_t05_n5,50,1,2,Qwen/Qwen3-Coder-Next,1,0,1,0,neutral,0.5,12.5,0.0
2026-08-15 09:56:39,IA136_m-qwen3-coder-next_sol1_gd0_rs0_bd1_str-neutral_t05_n5,50,1,3,Qwen/Qwen3-Coder-Next,1,0,1,0,neutral,0.5,12.0,0.0
2026-08-15 09:56:44,IA136_m-qwen3-coder-next_sol1_gd0_rs0_bd1_str-neutral_t05_n5,50,1,4,Qwen/Qwen3-Coder-Next,1,0,1,0,neutral,0.5,12.0,0.0
2026-08-15 09:56:49,IA136_m-qwen3-coder-next_sol1_gd0_rs0_bd1_str-neutral_t05_n5,50,1,5,Qwen/Qwen3-Coder-Next,1,0,1,0,neutral,0.5,14.0,0.0
2026-08-15 09:56:52,IA136_m-qwen3-coder-next_sol1_gd0_rs0_bd1_str-neutral_t05_n5,50,2,1,Qwen/Qwen3-Coder-Next,1,0,1,0,neutral,0.5,4.0,0.0
2026-08-15 09:56:55,IA136_m-qwen3-coder-next_sol1_gd0_rs0_bd1_str-neutral_t05_n5,50,2,2,Qwen/Qwen3-Coder-Next,1,0,1,0,neutral,0.5,6.0,0.0
2026-08-15 09:56:58,IA136_m-qwen3-coder-next_sol1_gd0_rs0_bd1_str-neutral_t05_n5,50,2,3,Qwen/Qwen3-Coder-Next,1,0,1,0,neutral,0.5,2.0,0.0
2026-08-15 09:57:01,IA136_m-qwen3-coder-next_sol1_gd0_rs0_bd1_str-neutral_t05_n5,50,2,4,Qwen/Qwen3-Coder-Next,1,0,1,0,neutral,0.5,5.0,0.0
2026-08-15 09:57:04,IA136_m-qwen3-coder-next_sol1_gd0_rs0_bd1_str-neutral_t05_n5,50,2,5,Qwen/Qwen3-Coder-Next,1,0,1,0,neutral,0.5,4.0,0.0
