run_id,source,model,use_solution,use_guidelines,use_reasoning,use_breakdown,strictness,temperature,runs,few_shot,n_graded,n_valid_vs_TA,mean_total_score,std_total_score,MAE_vs_TA_avg,MAE_CI95_lo,MAE_CI95_hi,bias_vs_TA_avg,zero_rate,AI_TA_pearson_r,behaviour,n_failed,Q1_MAE_vs_TA,Q2_MAE_vs_TA,Q3_MAE_vs_TA,Q1_mean,Q2_mean,Q3_mean,Q4_mean
A01,gemini,flash-lite,1,1,0,1,neutral,0.0,1,0,570,570,24.25701754385965,6.194219899056208,3.339342105263158,3.148987938596491,3.5339506578947364,-1.7781140350877194,0.0035087719298245615,0.8636523076909765,graded,2,1.5173684210526315,2.245,1.4484649122807018,8.508771929824562,6.583333333333333,9.164912280701754,0.0
B01,gemini,flash-lite,0,1,0,1,neutral,0.0,1,0,567,567,29.328924162257497,4.878543496753463,4.126587301587302,3.834272486772487,4.415819003527337,3.2988977072310406,0.001763668430335097,0.8060088321789266,graded,1,1.7473684210526317,1.1992063492063494,1.9740789473684208,9.953508771929824,9.31305114638448,10.056140350877193,0.0
B02,gemini,flash-lite,1,0,0,1,neutral,0.0,1,0,569,569,24.633567662565905,5.346587838045716,3.3357205623901582,3.1600516256590514,3.517908611599297,-1.4169156414762742,0.0017574692442882249,0.8664674367173425,graded,1,1.439718804920914,2.017631578947369,1.4407456140350878,8.558875219683655,6.922807017543859,9.143859649122806,0.0
B03,gemini,flash-lite,1,1,1,1,neutral,0.0,1,0,570,570,25.882438596491227,6.962156436778571,2.050377192982456,1.8898249999999999,2.2112587719298245,-0.15269298245614035,0.0017543859649122807,0.9211085039591714,graded,1,1.0626754385964912,0.653201754385965,1.1909035087719297,8.29390350877193,8.745833333333334,8.842701754385965,0.0
B04,gemini,flash-lite,1,1,0,0,neutral,0.0,1,0,569,569,24.57293497363796,6.267471804039177,3.224428822495606,3.029727592267135,3.426518014059753,-1.4541300527240775,0.0035149384885764497,0.8568585811824061,graded,2,1.4031634446397188,2.2655263157894736,1.3907456140350876,8.82688927943761,6.5929824561403505,9.153508771929825,0.0
C01,gemini,flash-lite,1,1,0,1,strict,0.0,1,0,570,570,20.59561403508772,6.753250735182691,5.752412280701755,5.463110745614035,6.043078947368421,-5.439517543859648,0.008771929824561403,0.8437936753169624,graded,5,2.1673684210526316,3.1478947368421055,1.6383771929824562,6.9903508771929825,5.620175438596491,7.985087719298246,0.0
C02,gemini,flash-lite,1,1,0,1,lenient,0.0,1,0,569,569,30.051845342706503,4.960534487187265,4.494332161687169,4.18051625659051,4.82210237258348,4.013576449912128,0.0017574692442882249,0.809862663232147,graded,1,1.997891036906854,1.2349999999999999,2.237938596491228,10.579964850615115,8.757017543859648,10.714035087719298,0.0
D01,gemini,3-flash-preview,1,1,0,1,neutral,0.0,1,0,570,570,26.047500000000003,7.075450709746036,1.6424561403508773,1.5060953947368423,1.7851381578947367,0.012368421052631562,0.0,0.9458511141203241,graded,0,0.759780701754386,0.5679385964912281,0.9776315789473684,8.64671052631579,8.78671052631579,8.614078947368421,0.0
D02,gemini,3.1-pro-preview,1,1,0,1,neutral,0.0,1,0,570,570,25.21382456140351,7.6170613648308985,1.8604473684210525,1.7033096491228068,2.023940789473684,-0.8213070175438596,0.0035087719298245615,0.940438484309079,graded,2,0.8727631578947369,0.5928947368421053,1.110385964912281,8.348464912280702,8.634210526315789,8.231149122807018,0.0
D03,gemini,2.5-pro,1,1,0,1,neutral,0.0,1,0,570,570,22.182824561403507,8.392884801681662,4.096412280701754,3.8303541666666674,4.378684868421052,-3.85230701754386,0.0017543859649122807,0.9022576995178847,graded,1,1.4827456140350876,0.785921052631579,2.400938596491228,7.561956140350878,8.23788596491228,6.382982456140351,0.0
E01,gemini,flash-lite,1,1,0,1,neutral,0.0,5,0,549,549,24.375227686703095,6.116449505695964,3.384016393442623,3.1857786885245902,3.592444216757741,-1.8474043715846993,0.0036429872495446266,0.8569550599316946,graded,2,1.5120766488413546,2.257345132743363,1.4596702317290553,8.498217468805704,6.598230088495575,9.27361853832442,0.0
E02,gemini,flash-lite,1,1,0,1,neutral,0.5,5,0,563,563,24.018985945473514,5.85453589124169,3.5067442696439146,3.3105362252953285,3.7099983700555415,-2.1990868786827935,0.0017761989342806395,0.8598502985679924,graded,1,1.4943393205235311,2.4058563184663537,1.4598628379711862,8.43219089390142,6.42764329029734,9.148736925202288,0.0
E03,gemini,flash-lite,1,1,0,1,neutral,0.7,5,0,563,563,23.90227064478841,5.761610641565483,3.596638966421382,3.4032319948405645,3.790601616904902,-2.315802179367899,0.0017761989342806395,0.85968810161501,graded,1,1.5156756474519633,2.4343173625083834,1.4425614621218528,8.396165065441382,6.399837567069081,9.094238983337563,0.0
F01,gemini,flash-lite,1,1,1,1,strict,0.0,1,0,570,570,22.753982456140353,7.71647414405442,3.7272017543859652,3.496985307017544,3.9786967105263153,-3.2811491228070175,0.0035087719298245615,0.8981078229885424,graded,2,1.6235701754385965,1.0730087719298245,1.8061491228070177,7.448622807017544,8.008394736842105,7.2969649122807025,0.0
F02,gemini,3.1-pro-preview,1,1,0,1,lenient,0.0,1,0,570,570,26.856587719298247,6.943771378962125,1.791368421052632,1.6186462719298245,1.9543552631578944,0.8214561403508772,0.0035087719298245615,0.938051266491011,graded,2,0.7580701754385966,0.595140350877193,1.0933333333333335,8.784298245614035,8.984614035087718,9.087675438596492,0.0
F03,gemini,3.1-pro-preview,1,1,0,1,strict,0.0,1,0,570,570,23.94394736842105,8.134052250125386,2.7482894736842107,2.5065635964912283,2.9905767543859647,-2.0911842105263156,0.0035087719298245615,0.9059855276445754,graded,2,0.9655263157894736,0.731842105263158,1.7215350877192983,8.231666666666667,8.385964912280702,7.326315789473684,0.0
G01,gemini,3-flash-preview,0,1,0,1,neutral,0.0,1,0,98,98,28.153316326530614,5.742642802997891,1.6329081632653062,1.3155548469387757,2.0229783163265305,0.7145408163265305,0.0,0.9459616953941156,graded,0,0.6992424242424242,0.5303030303030303,1.1235,9.105050505050505,9.22979797979798,9.70625,0.0
G02,gemini,3-flash-preview,1,0,0,1,neutral,0.0,1,0,99,99,28.169191919191913,5.792449594042737,1.6007575757575756,1.3037500000000002,1.9326388888888888,0.7906565656565656,0.0,0.9549395203164147,graded,0,0.66,0.59575,0.9810606060606057,9.097750000000001,9.32175,9.692424242424241,0.0
G03,gemini,3-flash-preview,1,1,1,1,neutral,0.0,1,0,100,100,27.131000000000004,6.813915611423138,1.3895,1.1812375,1.6140187499999998,-0.12499999999999996,0.0,0.9650353550866662,graded,0,0.6977500000000001,0.5245000000000001,0.7917500000000001,8.826,9.160499999999999,9.1445,0.0
G04,gemini,3-flash-preview,1,1,0,0,neutral,0.0,1,0,100,100,27.188249999999996,6.728725785350778,1.24725,1.0122437499999999,1.5052625000000004,-0.06774999999999995,0.0,0.9660979728042923,graded,0,0.69675,0.5695,0.8759999999999999,8.921,9.118500000000001,9.14875,0.0
K01,gemini,flash-lite,1,1,0,1,neutral,0.0,1,2,567,567,27.130511463844798,5.488055959855723,3.0315255731922397,2.827504409171076,3.236300705467372,1.0925485008818343,0.001763668430335097,0.8608230791706931,graded,1,1.792719298245614,1.0464788732394366,1.318848857644991,9.939912280701755,8.439260563380282,8.748242530755713,0.0
L-A07,local,qwen2.5-coder-7b,1,1,0,1,neutral,0.0,1,0,570,570,21.199122807017545,5.531845743611563,5.675657894736842,5.3905559210526315,5.978053728070175,-4.836008771929824,0.0,0.7613186646573701,graded,0,2.069736842105263,2.5180701754385963,2.330043859649123,7.78859649122807,6.3350877192982455,7.075438596491228,0.0
L-A14,local,qwen2.5-coder-14b,1,1,0,1,neutral,0.0,1,0,570,570,24.878947368421052,6.866431854463261,3.5103947368421053,3.2982839912280704,3.7387708333333327,-1.156184210526316,0.010526315789473684,0.8159846821419843,graded,6,1.813421052631579,1.7403508771929825,1.7538157894736843,9.685087719298245,7.406140350877193,7.787719298245614,0.0
L-A30M,local,qwen3-coder-30b-a3b,1,1,0,1,neutral,0.0,1,0,570,570,23.33421052631579,3.9945223686747964,4.4975,4.287792763157895,4.718519736842105,-2.700921052631579,0.0017543859649122807,0.8443113685909357,graded,1,1.8064912280701755,1.5764912280701753,2.1339912280701756,8.19122807017544,7.508771929824562,7.63421052631579,0.0
L-A32,local,qwen2.5-coder-32b,1,1,0,1,neutral,0.0,1,0,570,570,18.687719298245614,5.091157439001024,7.4923245614035086,7.1900866228070175,7.779294956140351,-7.347412280701754,0.0035087719298245615,0.855779143707641,graded,2,2.562456140350877,2.5010526315789474,2.879078947368421,6.462280701754386,6.279824561403509,5.945614035087719,0.0
L-ANxt,local,qwen3-coder-next,1,1,0,1,neutral,0.0,1,0,570,570,21.294736842105262,6.054016402810155,5.170833333333333,4.924109649122808,5.422108552631578,-4.740394736842105,0.0017543859649122807,0.864715924004767,graded,1,1.8173684210526317,2.921140350877193,1.536359649122807,7.520175438596492,5.823684210526316,7.950877192982456,0.0
L-B01,local,qwen2.5-coder-32b,0,1,0,1,neutral,0.0,1,0,570,570,24.474561403508773,6.2432925189270785,3.1188157894736843,2.9226282894736846,3.305702850877193,-1.5605701754385966,0.0017543859649122807,0.8735955602787906,graded,1,1.3864035087719297,1.4150877192982456,1.5260087719298245,8.28859649122807,8.108771929824561,8.07719298245614,0.0
L-B02,local,qwen2.5-coder-32b,1,0,0,1,neutral,0.0,1,0,570,570,20.57280701754386,5.090262337608939,5.856622807017543,5.600842105263158,6.113783991228071,-5.462324561403508,0.0,0.86470768357031,graded,0,2.237719298245614,2.0322807017543862,2.211447368421053,6.9412280701754385,6.803508771929825,6.828070175438596,0.0
L-B03,local,qwen2.5-coder-32b,1,1,1,1,neutral,0.0,1,0,570,570,18.673684210526314,5.089757671188271,7.514254385964913,7.21716557017544,7.801411184210525,-7.361447368421052,0.0035087719298245615,0.8550543539790257,graded,2,2.5681578947368418,2.5271052631578943,2.8667982456140346,6.4640350877192985,6.255263157894737,5.954385964912281,0.0
L-B04,local,qwen2.5-coder-32b,1,1,0,0,neutral,0.0,1,0,570,570,18.92105263157895,5.421665735450815,7.270394736842105,6.9750263157894725,7.54857894736842,-7.11407894736842,0.0035087719298245615,0.8522841531162106,graded,2,2.544561403508772,2.3198245614035087,2.852675438596491,6.507894736842105,6.472807017543859,5.940350877192983,0.0
L-BD01,local,qwen2.5-coder-32b,1,1,0,0,neutral,0.0,1,0,570,570,18.808771929824562,5.410910695295386,7.357061403508771,7.060765350877193,7.64452850877193,-7.226359649122807,0.0035087719298245615,0.852840671727219,graded,2,2.5844736842105265,2.2409649122807016,2.9457456140350873,6.435087719298245,6.55,5.823684210526316,0.0
L-BD02,local,qwen2.5-coder-32b,1,1,0,0,strict,0.0,1,0,570,570,4.355263157894737,4.514925299256566,21.686885964912282,21.164375,22.225609649122806,-21.679868421052635,0.33157894736842103,0.4695233164928725,collapse,189,8.030614035087721,5.865087719298247,7.802149122807018,0.769298245614035,2.8421052631578947,0.743859649122807,0.0
L-BD03,local,llama-3.3-70b,1,1,0,0,neutral,0.0,1,0,570,570,22.071929824561405,5.578809215433171,4.687587719298246,4.463540570175439,4.915067982456141,-3.963201754385964,0.007017543859649123,0.8601498215664488,graded,4,2.039561403508772,1.5328070175438597,2.0547807017543858,7.321052631578947,7.521052631578947,7.229824561403508,0.0
L-BD04,local,llama-3.3-70b,1,1,0,0,strict,0.0,1,0,570,570,6.092105263157895,6.812956032518245,19.943026315789478,19.42502192982456,20.5050197368421,-19.943026315789478,0.45964912280701753,0.5533537659777722,collapse,262,8.00605263157895,6.235701754385966,5.764166666666666,0.7894736842105263,2.486842105263158,2.8157894736842106,0.0
L-BD05,local,deepseek-coder-v2-lite,1,1,0,0,neutral,0.0,1,0,570,570,21.003508771929823,2.460761660152721,6.829342105263158,6.511256578947368,7.171415570175438,-5.031622807017543,0.0,0.606094776084868,graded,0,2.6416666666666666,2.8051754385964913,2.8133771929824563,7.340350877192982,6.319298245614035,7.343859649122807,0.0
L-BD06,local,deepseek-coder-v2-lite,1,1,0,0,strict,0.0,1,0,570,570,10.04561403508772,3.3874870631437277,16.018026315789477,15.553144736842102,16.49116447368421,-15.989517543859652,0.0035087719298245615,0.6043367179443737,collapse,2,5.050263157894737,5.707631578947369,5.434342105263157,3.787719298245614,3.0526315789473686,3.205263157894737,0.0
L-BD07,local,glm-4-32b,1,1,0,0,neutral,0.0,1,0,570,570,26.733333333333334,6.375958064631929,2.6759210526315793,2.4914287280701757,2.8755592105263155,0.6982017543859649,0.0017543859649122807,0.8781679468264486,graded,1,1.4065789473684212,1.3098245614035087,1.2905701754385965,9.112280701754386,8.666666666666666,8.95438596491228,0.0
L-BD08,local,glm-4-32b,1,1,0,0,strict,0.0,1,0,570,570,10.578947368421053,10.141004772722892,15.581973684210526,14.985365131578945,16.204737938596494,-15.456184210526319,0.32105263157894737,0.6431710611820249,collapse,183,7.277543859649122,5.450877192982456,3.7104824561403507,1.5956140350877193,3.8684210526315788,5.114912280701755,0.0
L-BD09,local,gemma-3-27b,1,1,0,0,neutral,0.0,1,0,570,570,24.39078947368421,3.7547308517800633,4.322675438596492,4.111833333333333,4.555883771929825,-1.6443421052631577,0.0,0.8106732838555704,graded,0,1.9669298245614038,1.5623684210526314,2.021359649122807,8.742982456140352,7.671052631578948,7.976754385964912,0.0
L-BD10,local,gemma-3-27b,1,1,0,0,strict,0.0,1,0,569,569,14.394551845342706,4.15038033017113,11.693804920913884,11.312593365553603,12.106811291739893,-11.63756590509666,0.0,0.7747724382392427,collapse,0,3.530360281195079,4.174824561403508,4.317675438596491,5.385764499121265,4.554385964912281,4.4491228070175435,0.0
L-C01,local,qwen2.5-coder-32b,1,1,0,1,strict,0.0,1,0,570,570,5.753508771929824,4.521014782281749,20.28513157894737,19.829747807017544,20.743557017543854,-20.281622807017545,0.19473684210526315,0.6260173732735049,collapse,111,7.779736842105263,5.629122807017544,6.887236842105263,1.0166666666666666,3.0780701754385964,1.6587719298245613,0.0
L-C02,local,qwen2.5-coder-32b,1,1,0,1,lenient,0.0,1,0,570,570,23.885964912280702,4.396053454425016,3.951184210526316,3.745052631578947,4.168498903508771,-2.149166666666667,0.0,0.858684946927694,graded,0,1.6586842105263158,1.3796491228070176,1.9334649122807015,8.554385964912282,7.828070175438596,7.503508771929824,0.0
L-D30M,local,qwen3-coder-30b-a3b,1,1,1,1,neutral,0.0,1,0,570,570,23.333333333333332,4.002123045255037,4.491359649122806,4.279014254385966,4.714055921052632,-2.701798245614035,0.0017543859649122807,0.844138075054963,graded,1,1.8073684210526317,1.5725438596491226,2.1278508771929823,8.187719298245614,7.5131578947368425,7.632456140350877,0.0
L-DNxt,local,qwen3-coder-next,1,1,1,1,neutral,0.0,1,0,570,570,21.28684210526316,6.066467126927374,5.178728070175438,4.932536184210527,5.42553399122807,-4.74828947368421,0.0017543859649122807,0.8643028141369494,graded,1,1.8230701754385967,2.9185087719298246,1.5346052631578948,7.51140350877193,5.826315789473684,7.9491228070175435,0.0
L-E01,local,qwen2.5-coder-32b,1,1,0,1,neutral,0.5,5,0,50,50,19.090999999999998,5.186695007617164,7.151,6.2558625,8.0445,-7.019,0.0,0.900549806415076,graded,0,2.722,2.535,2.514,6.442,6.335,6.314,0.0
L-E02,local,qwen3-coder-next,1,1,0,1,neutral,0.5,5,0,48,48,20.788541666666667,6.034944689264539,5.376041666666667,4.644713541666667,6.1611067708333325,-5.195833333333334,0.0,0.913913825825001,graded,0,2.036666666666667,3.3083333333333336,1.4270833333333333,7.266333333333333,5.504166666666667,8.0,0.0
L-F01,local,gemma-3-12b,1,1,0,1,neutral,0.0,1,0,570,570,23.28859649122807,3.236408888053714,5.201184210526316,4.940762061403509,5.475048245614034,-2.746535087719298,0.0,0.7206128108788958,graded,0,2.1692105263157897,2.0128947368421053,2.3032017543859644,8.436842105263159,7.12280701754386,7.728947368421053,0.0
L-F02,local,gemma-3-12b,1,1,0,1,strict,0.0,1,0,570,570,17.604824561403507,3.53268674357325,8.774956140350877,8.415184210526318,9.15019846491228,-8.430307017543859,0.0017543859649122807,0.7587269121363431,collapse,1,2.7018421052631583,3.9480701754385965,2.925219298245614,6.538157894736842,4.822368421052632,6.2442982456140355,0.0
L-F03,local,gemma-3-12b,1,1,0,1,lenient,0.0,1,0,570,570,25.21359649122807,3.030290005434318,4.791798245614035,4.537097587719299,5.061541666666666,-0.8215350877192982,0.0,0.6964466913929312,graded,0,2.145526315789474,1.7150877192982454,2.2169736842105263,8.974561403508773,7.695614035087719,8.54342105263158,0.0
L-F04,local,gemma-3-12b,1,1,0,1,rigorous,0.0,1,0,570,570,22.840350877192982,3.032185848364812,5.4539912280701754,5.186938596491228,5.726733552631578,-3.194780701754386,0.0,0.7306670438283862,graded,0,2.253421052631579,2.124561403508772,2.3474999999999997,8.22280701754386,6.91359649122807,7.703947368421052,0.0
L-F05,local,gemma-3-12b,1,1,0,1,exacting,0.0,1,0,570,570,23.279824561403508,3.373008227597119,5.1046929824561404,4.847189692982456,5.37540899122807,-2.75530701754386,0.0017543859649122807,0.7356377016878174,graded,1,2.1350000000000002,2.000614035087719,2.3145175438596493,8.553508771929824,7.083771929824562,7.642543859649122,0.0
L-G01,local,qwen3-coder-30b-a3b,0,1,0,1,neutral,0.0,1,0,570,570,27.32982456140351,4.434545047222499,3.604517543859649,3.372054824561403,3.861674342105262,1.2946929824561402,0.0035087719298245615,0.8240027718226455,graded,2,1.7059649122807017,1.3437719298245614,1.8263596491228071,9.6,9.343859649122807,8.385964912280702,0.0
L-G02,local,qwen3-coder-30b-a3b,1,0,0,1,neutral,0.0,1,0,570,570,25.859649122807017,3.8381747112302187,3.6285526315789474,3.4230800438596494,3.8462653508771925,-0.17548245614035085,0.0,0.873265257663534,graded,0,1.7186842105263158,1.238333333333333,1.7214473684210527,8.945614035087718,8.333333333333334,8.580701754385965,0.0
L-G04,local,qwen3-coder-30b-a3b,1,1,0,0,neutral,0.0,1,0,570,570,22.54122807017544,4.330742099911029,4.804692982456141,4.587821271929824,5.029350877192982,-3.4939035087719295,0.0035087719298245615,0.844417218755823,graded,2,1.8921929824561403,1.6314912280701752,2.2586403508771933,7.967543859649123,7.3543859649122805,7.219298245614035,0.0
L-H01,local,qwen2.5-coder-7b,0,1,0,1,neutral,0.0,1,0,570,570,28.192105263157895,4.8341045435098,4.288464912280702,3.9971502192982467,4.61508442982456,2.1569736842105263,0.0,0.684275381594086,graded,0,2.201140350877193,1.4103508771929825,1.9700438596491228,9.485087719298246,9.106140350877194,9.600877192982455,0.0
L-H02,local,qwen2.5-coder-7b,1,0,0,1,neutral,0.0,1,0,570,570,22.013157894736842,4.729158572202457,5.25048245614035,4.9866359649122804,5.5290833333333325,-4.021973684210526,0.0,0.7734433651823107,graded,0,1.9872807017543859,2.4032456140350877,2.119166666666667,7.920175438596491,6.523684210526316,7.569298245614035,0.0
L-H04,local,qwen2.5-coder-7b,1,1,0,0,neutral,0.0,1,0,570,570,21.11754385964912,4.5517189169727335,5.833201754385965,5.56094298245614,6.136686403508771,-4.917587719298245,0.0,0.7688671197337184,graded,0,2.3816666666666664,2.3771929824561404,2.1412719298245615,7.325438596491228,6.492105263157895,7.3,0.0
L-J01,local,glm-4.5-air,1,1,0,1,neutral,0.0,1,0,570,570,20.6640350877193,7.47078818682034,5.660394736842106,5.378805921052631,5.949047149122806,-5.371096491228069,0.010526315789473684,0.8613357179897547,graded,6,2.244473684210526,2.1449122807017544,1.9984649122807017,7.049122807017544,6.668421052631579,6.946491228070175,0.0
L-J02,local,glm-4.5-air,1,1,0,1,strict,0.0,1,0,570,570,5.015789473684211,5.7225478082594625,21.01934210526316,20.48648355263158,21.549179824561403,-21.01934210526316,0.46842105263157896,0.5340893234617318,collapse,267,6.151666666666666,7.368596491228071,7.518815789473685,2.65,1.3385964912280701,1.0271929824561403,0.0
L-J03,local,glm-4.5-air,1,1,0,1,lenient,0.0,1,0,570,570,30.54035087719298,4.868133157490558,4.683728070175439,4.387487938596492,4.994265350877193,4.505219298245614,0.0017543859649122807,0.8533771706938068,graded,1,1.9979824561403507,1.4626315789473685,1.637763157894737,10.643859649122806,9.953508771929824,9.942982456140351,0.0
L-J04,local,glm-4.5-air,1,1,0,1,rigorous,0.0,1,0,568,568,18.85299295774648,7.933750701747641,7.294586267605635,6.986331426056338,7.636919014084507,-7.207350352112677,0.03169014084507042,0.8586101016333172,graded,18,2.555877192982456,2.7805799648506153,2.4549648506151143,6.528070175438597,5.980667838312829,6.336555360281195,0.0
L-J05,local,glm-4.5-air,1,1,0,1,exacting,0.0,1,0,570,570,14.76842105263158,7.806303115339183,11.29127192982456,10.922521929824562,11.648334429824562,-11.266710526315789,0.0824561403508772,0.826398542391028,collapse,47,3.492982456140351,4.642543859649122,3.333201754385965,5.401754385964912,4.065789473684211,5.3008771929824565,0.0
L-K01,local,qwen3-coder-30b-a3b,1,1,0,1,neutral,0.0,1,2,570,570,24.268421052631577,5.204167516635877,3.3401315789473682,3.1578026315789476,3.5285142543859647,-1.7667105263157894,0.0035087719298245615,0.8869589545996859,graded,2,1.3893859649122808,1.3321052631578947,1.5569736842105264,8.540350877192983,7.735964912280702,7.992105263157895,0.0
L-M01,local,qwen3-coder-30b-a3b,1,1,0,1,strict,0.0,1,0,570,570,11.128947368421052,5.589308833028325,14.906184210526316,14.5154298245614,15.301757675438594,-14.906184210526316,0.04736842105263158,0.7421291742902252,collapse,27,6.315701754385964,4.253684210526316,4.468114035087719,2.4850877192982455,4.454385964912281,4.189473684210526,0.0
L-M02,local,qwen3-coder-30b-a3b,1,1,0,1,lenient,0.0,1,0,570,570,28.691228070175438,2.2925937684004105,4.835482456140351,4.503842105263157,5.174676535087719,2.65609649122807,0.0,0.7617389471061927,graded,0,2.23140350877193,1.3771052631578948,2.206622807017544,10.071929824561403,9.011403508771929,9.607894736842105,0.0
L-M03,local,qwen3-coder-next,1,1,0,1,strict,0.0,1,0,570,570,14.336842105263157,5.583890700298612,11.704429824561403,11.352762061403508,12.038116228070177,-11.69828947368421,0.005263157894736842,0.8192138680172076,collapse,3,3.5205263157894735,5.079122807017544,3.3295175438596494,5.335964912280701,3.6315789473684212,5.3692982456140355,0.0
L-M04,local,qwen3-coder-next,1,1,0,1,lenient,0.0,1,0,570,570,25.621929824561402,5.632768157204518,2.8051315789473685,2.6385942982456143,2.9845745614035084,-0.41320175438596485,0.0,0.8865122986104015,graded,0,1.3205263157894738,1.5026315789473683,1.2875,8.937719298245614,7.482456140350878,9.201754385964913,0.0
L-M05,local,qwen2.5-coder-7b,1,1,0,1,strict,0.0,1,0,570,570,18.626315789473683,6.615395217941021,7.916535087719297,7.543702850877192,8.296019736842105,-7.4088157894736835,0.0035087719298245615,0.6950018511699261,graded,2,3.1735087719298245,3.850701754385965,2.5471491228070176,6.275438596491228,4.917543859649123,7.433333333333334,0.0
L-M06,local,qwen2.5-coder-7b,1,1,0,1,lenient,0.0,1,0,570,570,25.178947368421053,4.69944605949657,3.8783771929824566,3.6512236842105263,4.112612938596492,-0.8561842105263158,0.0,0.7818617484349476,graded,0,1.8969298245614035,1.4619298245614034,1.8697807017543862,8.621929824561404,7.68859649122807,8.868421052631579,0.0
L-M07,local,qwen2.5-coder-14b,1,1,0,1,strict,0.0,1,0,570,570,1.5175438596491229,4.676216712698274,24.524605263157895,23.937648026315788,25.1292149122807,-24.517587719298245,0.8789473684210526,0.24525236812504678,collapse,501,8.086666666666666,8.031754385964913,8.480219298245615,0.743859649122807,0.7105263157894737,0.06315789473684211,0.0
L-MP01,local,qwen2.5-coder-32b,1,1,0,1,mpstrict,0.0,1,0,570,570,9.636842105263158,5.555175600322717,16.405307017543862,16.008604166666668,16.79801425438597,-16.398289473684212,0.07368421052631578,0.7471619676198897,collapse,42,6.152543859649122,4.374736842105264,5.898640350877193,2.6473684210526316,4.332456140350877,2.657017543859649,0.0
L-MP02,local,qwen2.5-coder-32b,1,1,0,1,mprigorous,0.0,1,0,570,570,8.305263157894737,5.541960755611881,17.736885964912283,17.286833333333334,18.160449561403507,-17.729868421052632,0.12105263157894737,0.6872351281835926,collapse,69,6.835,4.69842105263158,6.216622807017544,1.9649122807017543,4.008771929824562,2.331578947368421,0.0
L-MP03,local,qwen2.5-coder-32b,1,1,0,1,mpfair,0.0,1,0,570,570,7.491228070175438,5.280357230211635,18.55092105263158,18.10567324561404,19.002167763157896,-18.543903508771933,0.14385964912280702,0.6583076543708185,collapse,82,7.220964912280701,4.845789473684211,6.497324561403509,1.5789473684210527,3.8614035087719296,2.050877192982456,0.0
L-MP04,local,qwen2.5-coder-32b,1,1,0,1,mpnoclause,0.0,1,0,570,570,10.48157894736842,3.7667158964937495,15.554429824561407,15.158585526315788,15.947429824561405,-15.55355263157895,0.0035087719298245615,0.7961546146107111,collapse,2,5.786754385964912,4.499298245614035,5.3425,3.0096491228070175,4.214912280701754,3.257017543859649,0.0
L-MP05,local,qwen2.5-coder-32b,1,1,0,1,mpnharsh,0.0,1,0,570,570,17.903508771929825,4.972630359602907,8.24828947368421,7.931421052631579,8.553423245614036,-8.131622807017543,0.0035087719298245615,0.8465502767093174,collapse,2,2.8487719298245615,2.5807017543859647,3.2053947368421047,6.121052631578947,6.203508771929824,5.578947368421052,0.0
L-MP06,local,mistral-small-24b,1,1,0,1,mpstrict,0.0,1,0,570,570,0.0412280701754386,0.6271271574556577,25.993903508771933,25.420094298245616,26.572292763157897,-25.993903508771933,0.9929824561403509,0.07110067590683537,near-refusal,566,8.75605263157895,8.70719298245614,8.536359649122808,0.03684210526315789,0.0,0.0043859649122807015,0.0
L-MP07,local,mistral-small-24b,1,1,0,1,mprigorous,0.0,1,0,570,570,0.1649122807017544,1.391032190383084,25.870219298245615,25.28824013157895,26.45,-25.870219298245615,0.9824561403508771,0.10982822637089262,near-refusal,560,8.647280701754386,8.692280701754386,8.536359649122808,0.1456140350877193,0.014912280701754385,0.0043859649122807015,0.0
L-MP08,local,mistral-small-24b,1,1,0,1,mpfair,0.0,1,0,570,570,0.9815789473684211,3.3343439947202786,25.05355263157895,24.477289473684213,25.640803728070175,-25.05355263157895,0.9087719298245615,0.26576595491294114,near-refusal,518,8.215701754385966,8.623859649122808,8.220570175438597,0.5780701754385965,0.08333333333333333,0.3201754385964912,0.0
L-MP09,local,mistral-small-24b,1,1,0,1,mpnoclause,0.0,1,0,570,570,15.699122807017543,4.3710080077968385,10.400043859649122,10.062747807017542,10.727924342105263,-10.336008771929825,0.0035087719298245615,0.852364105091844,collapse,2,3.295877192982456,3.9966666666666675,3.3703070175438596,5.591228070175439,4.741228070175438,5.366666666666666,0.0
L-MP10,local,mistral-small-24b,1,1,0,1,mpnharsh,0.0,1,0,570,570,22.721052631578946,5.188392372424268,4.233464912280701,4.016354166666667,4.458597587719299,-3.314078947368421,0.0035087719298245615,0.872101446795551,graded,2,1.570438596491228,2.1365789473684207,1.715219298245614,8.24736842105263,6.71578947368421,7.757894736842105,0.0
L-MP11,local,llama-3.3-70b,1,1,0,1,mpstrict,0.0,1,0,570,570,13.376315789473685,7.538306423287972,12.671973684210526,12.282627192982455,13.066589912280703,-12.658815789473683,0.10701754385964912,0.7920372319997182,collapse,61,5.120087719298246,3.7201754385964914,3.9749561403508777,3.707894736842105,5.0096491228070175,4.658771929824561,0.0
L-MP12,local,llama-3.3-70b,1,1,0,1,mprigorous,0.0,1,0,570,570,14.685964912280701,7.464301416759841,11.372850877192981,11.003156798245614,11.742654605263159,-11.349166666666665,0.0824561403508772,0.8188597860831084,collapse,47,4.756929824561404,3.2103508771929827,3.574078947368421,4.078070175438596,5.527192982456141,5.080701754385965,0.0
L-MP13,local,llama-3.3-70b,1,1,0,1,mpfair,0.0,1,0,570,570,14.648245614035087,7.579250099192235,11.408815789473683,11.039985745614036,11.782247807017544,-11.38688596491228,0.08771929824561403,0.815014334492367,collapse,50,4.813070175438596,3.2235087719298248,3.5517105263157895,4.018421052631579,5.515789473684211,5.114035087719298,0.0
L-MP14,local,llama-3.3-70b,1,1,0,1,mpnoclause,0.0,1,0,570,570,18.00964912280702,5.037416578144544,8.137763157894737,7.827224780701754,8.427435307017543,-8.02548245614035,0.008771929824561403,0.8587815942277021,collapse,5,3.2510526315789474,2.683684210526316,2.6916228070175436,5.709649122807018,6.081578947368421,6.218421052631579,0.0
L-MP15,local,llama-3.3-70b,1,1,0,1,mpnharsh,0.0,1,0,570,570,22.32017543859649,4.911039531886727,4.598640350877193,4.383923245614035,4.810713815789474,-3.7149561403508766,0.005263157894736842,0.872792258864426,graded,3,1.88140350877193,1.6478070175438597,2.0401315789473684,7.641228070175439,7.383333333333334,7.295614035087719,0.0
L-MP16,local,glm-4-32b,1,1,0,1,mpstrict,0.0,1,0,570,570,19.428070175438595,9.900875223352143,7.018640350877193,6.578588815789473,7.4865307017543845,-6.607061403508771,0.06491228070175438,0.8159022439810732,graded,37,3.4421929824561404,3.1725438596491227,1.7753947368421052,5.553508771929825,6.464912280701754,7.409649122807018,0.0
L-MP17,local,glm-4-32b,1,1,0,1,mprigorous,0.0,1,0,570,570,18.914912280701753,9.580628453104703,7.430921052631579,6.997702850877193,7.856233552631578,-7.120219298245614,0.05263157894736842,0.8110162657173317,graded,30,3.4560526315789475,3.209385964912281,1.874342105263158,5.528947368421052,6.121052631578947,7.264912280701754,0.0
L-MP18,local,glm-4-32b,1,1,0,1,mpfair,0.0,1,0,570,570,20.18421052631579,9.731199068762388,6.413377192982456,6.00069298245614,6.817978070175439,-5.850921052631579,0.05087719298245614,0.8259608143615038,graded,29,3.2619298245614035,2.908157894736842,1.7498684210526314,5.770175438596492,6.922807017543859,7.491228070175438,0.0
L-MP19,local,glm-4-32b,1,1,0,1,mpnoclause,0.0,1,0,570,570,20.93421052631579,7.53582922675817,5.506710526315789,5.2162971491228065,5.825991228070176,-5.100921052631579,0.007017543859649123,0.8354228339845718,graded,4,2.8721052631578945,2.166578947368421,1.7712719298245614,6.169298245614035,7.318421052631579,7.446491228070175,0.0
L-MP20,local,glm-4-32b,1,1,0,1,mpnharsh,0.0,1,0,570,570,25.54298245614035,6.2817134848297025,2.8842543859649123,2.7066644736842105,3.079258771929824,-0.4921491228070175,0.0035087719298245615,0.8687574948198908,graded,2,1.4776315789473684,1.3660526315789474,1.3506578947368422,8.705263157894738,8.25263157894737,8.585087719298246,0.0
L-MP21,local,gemma-3-27b,1,1,0,1,mpstrict,0.0,1,0,570,570,15.61140350877193,4.318605450314783,10.493026315789473,10.11969736842105,10.850182017543862,-10.423728070175438,0.0,0.8040804068374978,collapse,0,3.0617543859649126,4.070438596491227,3.8159210526315785,5.933333333333334,4.658771929824561,5.019298245614035,0.0
L-MP22,local,gemma-3-27b,1,1,0,1,mprigorous,0.0,1,0,570,570,16.946491228070176,4.520990486381779,9.227236842105263,8.87213596491228,9.572574561403508,-9.088640350877192,0.0,0.8061656232993945,collapse,0,2.7472807017543857,3.638684210526316,3.4529385964912285,6.394298245614035,5.105701754385965,5.446491228070175,0.0
L-MP23,local,gemma-3-27b,1,1,0,1,mpfair,0.0,1,0,570,570,17.61578947368421,4.671522727689504,8.604429824561404,8.268274122807016,8.933485745614036,-8.419342105263157,0.0,0.8069619280281964,collapse,0,2.531929824561403,3.465438596491228,3.305482456140351,6.704385964912281,5.2859649122807015,5.625438596491228,0.0
L-MP24,local,gemma-3-27b,1,1,0,1,mpnoclause,0.0,1,0,570,570,16.30482456140351,3.599477415803924,9.896535087719297,9.518218201754387,10.261093201754386,-9.73030701754386,0.0,0.8004572377200793,collapse,0,2.940701754385965,3.732982456140351,3.7713596491228074,6.1346491228070175,5.021491228070175,5.148684210526316,0.0
L-MP25,local,gemma-3-27b,1,1,0,1,mpnharsh,0.0,1,0,570,570,23.678070175438595,3.720059355969802,4.559868421052632,4.339373903508772,4.793040570175438,-2.357061403508772,0.0,0.8180947908789783,graded,0,1.9863157894736843,1.7214912280701755,2.1253070175438595,8.567982456140351,7.3578947368421055,7.75219298245614,0.0
L-N01,local,qwen2.5-72b,1,1,0,1,neutral,0.0,1,0,570,570,26.223245614035086,4.765346957645183,3.1389035087719304,2.947672149122807,3.3463300438596493,0.18811403508771932,0.0017543859649122807,0.8727648868712174,graded,1,1.5493859649122808,1.2902631578947368,1.450921052631579,9.528070175438597,8.055701754385964,8.639473684210527,0.0
L-N02,local,qwen2.5-72b,1,1,0,1,strict,0.0,1,0,570,570,16.25438596491228,7.599788873569154,9.819517543859648,9.463368421052632,10.179532894736841,-9.780745614035087,0.042105263157894736,0.8154240792426058,collapse,24,3.150964912280702,3.5147368421052634,3.5319736842105267,5.936842105263158,5.21578947368421,5.101754385964912,0.0
L-N03,local,qwen2.5-72b,1,1,0,1,lenient,0.0,1,0,570,570,29.723684210526315,3.7024027402815194,4.474868421052632,4.165940789473684,4.809612938596491,3.688552631578948,0.0,0.8255624302555822,graded,0,2.1464035087719298,1.261666666666667,1.7765350877192982,10.692105263157895,9.164912280701754,9.866666666666667,0.0
L-N04,local,qwen2.5-72b,1,1,0,1,rigorous,0.0,1,0,570,570,25.746491228070177,4.964570075287093,3.091535087719298,2.9117280701754384,3.2841271929824556,-0.2886403508771929,0.0017543859649122807,0.8775665936797983,graded,1,1.4876315789473684,1.2836842105263158,1.4526754385964913,9.31842105263158,8.005263157894737,8.42280701754386,0.0
L-N05,local,qwen2.5-72b,1,1,0,1,exacting,0.0,1,0,570,570,24.462280701754388,5.200959596988223,3.431885964912281,3.2531293859649124,3.61900548245614,-1.5728508771929823,0.0035087719298245615,0.8683200984544556,graded,2,1.497719298245614,1.7339473684210527,1.5634649122807016,9.170175438596491,7.233333333333333,8.05877192982456,0.0
L-P01,local,qwen2.5-coder-32b,1,1,0,1,rigorous,0.0,1,0,570,570,17.42017543859649,5.064802902400938,8.697850877192982,8.378711622807018,9.007169956140352,-8.614956140350877,0.0017543859649122807,0.8493722403524967,collapse,1,3.076052631578947,2.6289473684210525,3.3018859649122807,5.833333333333333,6.1421052631578945,5.4447368421052635,0.0
L-P02,local,qwen2.5-coder-32b,1,1,0,1,exacting,0.0,1,0,570,570,15.835087719298246,5.069377766681548,10.234254385964912,9.908707236842105,10.555905701754387,-10.200043859649123,0.0035087719298245615,0.8461475308618032,collapse,2,3.4204385964912283,3.441666666666667,3.590921052631579,5.459649122807018,5.278070175438597,5.097368421052631,0.0
L-PS01,local,qwen2.5-coder-32b,1,1,0,1,mpframe,0.0,1,0,570,570,16.724561403508773,5.043528652242843,9.366710526315789,9.043025219298245,9.683254385964913,-9.310570175438595,0.0035087719298245615,0.8440238908551841,collapse,2,3.2678947368421047,2.8523684210526317,3.5115350877192983,5.614035087719298,5.9070175438596495,5.203508771929824,0.0
L-PS02,local,qwen2.5-coder-32b,1,1,0,1,mps2only,0.0,1,0,570,570,13.12719298245614,5.877263765150649,12.923728070175438,12.559282894736842,13.272002192982455,-12.907938596491228,0.02631578947368421,0.7979252353937762,collapse,15,4.381491228070175,3.6881578947368423,4.923201754385966,4.442105263157894,5.030701754385965,3.6543859649122807,0.0
L-PS03,local,qwen2.5-coder-32b,1,1,0,1,mpnoclause,0.0,1,0,570,570,10.48157894736842,3.7667158964937495,15.554429824561407,15.158585526315788,15.947429824561405,-15.55355263157895,0.0035087719298245615,0.7961546146107111,collapse,2,5.786754385964912,4.499298245614035,5.3425,3.0096491228070175,4.214912280701754,3.257017543859649,0.0
L-PS04,local,qwen2.5-coder-32b,1,1,0,1,mpharsh,0.0,1,0,570,570,5.775438596491228,4.382272993678773,20.259692982456144,19.785123903508772,20.72550109649123,-20.259692982456144,0.16842105263157894,0.6097832790247127,collapse,96,7.827982456140353,5.522982456140351,6.921885964912281,0.9649122807017544,3.1842105263157894,1.6263157894736842,0.0
L-PS05,local,mistral-small-24b,1,1,0,1,mpframe,0.0,1,0,570,570,20.703508771929826,5.7060990067001,5.62390350877193,5.361967105263158,5.892202850877194,-5.331622807017543,0.0035087719298245615,0.867354727554447,graded,2,1.8144736842105262,2.8087719298245615,1.919254385964912,7.540350877192982,5.96140350877193,7.201754385964913,0.0
L-PS06,local,mistral-small-24b,1,1,0,1,mps2only,0.0,1,0,570,570,0.0,0.0,26.03513157894737,25.447996710526315,26.613326754385962,-26.03513157894737,1.0,,refusal,570,8.792894736842106,8.70719298245614,8.540745614035089,0.0,0.0,0.0,0.0
L-PS07,local,mistral-small-24b,1,1,0,1,mpnoclause,0.0,1,0,570,570,15.759649122807017,4.35800617287942,10.328114035087719,9.992299342105264,10.661890350877194,-10.27548245614035,0.0035087719298245615,0.8518808032973212,collapse,2,3.2840350877192983,3.9865789473684217,3.3457456140350876,5.614912280701755,4.749122807017544,5.3956140350877195,0.0
L-PS08,local,mistral-small-24b,1,1,0,1,mpharsh,0.0,1,0,570,570,0.0043859649122807015,0.086313230689885,26.03074561403509,25.440973684210526,26.607396929824564,-26.03074561403509,0.9964912280701754,-0.007023793109947932,refusal,568,8.792894736842106,8.70719298245614,8.536359649122808,0.0,0.0,0.0043859649122807015,0.0
L-PS09,local,llama-3.1-8b,1,1,0,1,mpframe,0.0,1,0,570,570,19.097368421052632,1.7268916439058586,8.463728070175438,8.095700657894737,8.855053728070176,-6.937763157894737,0.0,0.39640355469194916,collapse,0,2.7614912280701756,3.242368421052632,3.820131578947368,7.253508771929824,5.912280701754386,5.931578947368421,0.0
L-PS10,local,llama-3.1-8b,1,1,0,1,mps2only,0.0,1,0,570,570,0.0,0.0,26.03513157894737,25.447996710526315,26.613326754385962,-26.03513157894737,1.0,,refusal,570,8.792894736842106,8.70719298245614,8.540745614035089,0.0,0.0,0.0,0.0
L-PS11,local,llama-3.1-8b,1,1,0,1,mpnoclause,0.0,1,0,570,570,2.5807017543859647,3.373312953160701,23.454429824561405,22.89143640350877,23.9884375,-23.454429824561405,0.5912280701754385,0.38946809316574216,collapse,337,6.892280701754387,8.693157894736842,7.919692982456141,1.9350877192982456,0.014035087719298246,0.631578947368421,0.0
L-PS12,local,llama-3.1-8b,1,1,0,1,mpharsh,0.0,1,0,570,570,0.0,0.0,26.03513157894737,25.447996710526315,26.613326754385962,-26.03513157894737,1.0,,refusal,570,8.792894736842106,8.70719298245614,8.540745614035089,0.0,0.0,0.0,0.0
L-Q01,local,qwen3-235b-a22b,1,1,0,1,neutral,0.0,1,0,570,570,22.476315789473684,6.498604725623098,4.094254385964912,3.872184210526316,4.318097587719298,-3.5588157894736843,0.0035087719298245615,0.8868450633821925,graded,2,1.905701754385965,1.3800000000000001,1.6011842105263157,7.2026315789473685,7.635087719298245,7.63859649122807,0.0
L-Q02,local,qwen3-235b-a22b,1,1,0,1,strict,0.0,1,0,570,570,18.79122807017544,6.771588031221962,7.315394736842105,7.009955043859648,7.611103070175438,-7.243903508771929,0.005263157894736842,0.8598509525286387,graded,3,2.724473684210526,2.319035087719298,2.6530263157894733,6.196491228070175,6.46578947368421,6.128947368421053,0.0
L-Q03,local,qwen3-235b-a22b,1,1,0,1,lenient,0.0,1,0,570,570,31.97280701754386,4.659745821675473,6.009605263157895,5.6488629385964915,6.373434210526314,5.937675438596492,0.0017543859649122807,0.7894975857912381,graded,1,2.010701754385965,1.8599122807017545,2.1890789473684213,10.77719298245614,10.52280701754386,10.67280701754386,0.0
L-Q04,local,qwen3-235b-a22b,1,1,0,1,rigorous,0.0,1,0,570,570,21.13157894736842,6.7676906859983355,5.1789035087719295,4.9184495614035075,5.4451776315789475,-4.903552631578947,0.005263157894736842,0.8754603600557309,graded,3,2.493333333333333,1.565,1.7963596491228069,6.470175438596491,7.378947368421053,7.282456140350877,0.0
L-Q05,local,qwen3-235b-a22b,1,1,0,1,exacting,0.0,1,0,570,570,19.28421052631579,6.350201399285561,6.848815789473684,6.564043859649123,7.1294100877192985,-6.750921052631578,0.005263157894736842,0.8764752371179086,graded,3,2.7336842105263153,2.2906140350877195,2.26109649122807,6.173684210526316,6.483333333333333,6.62719298245614,0.0
L-R01,local,qwen3-coder-480b,1,1,0,1,neutral,0.0,1,0,570,570,26.54561403508772,4.973689834653109,3.13969298245614,2.945077850877193,3.353676535087719,0.5104824561403509,0.0,0.8601990223254484,graded,0,1.5979824561403508,1.0753508771929825,1.543377192982456,9.137280701754387,8.514473684210527,8.893859649122806,0.0
L-R02,local,qwen3-coder-480b,1,1,0,1,strict,0.0,1,0,570,570,23.517543859649123,6.080497586446025,3.778640350877193,3.5760734649122803,3.982265350877193,-2.5175877192982457,0.0,0.8520311924297651,graded,0,1.8389473684210527,1.4166666666666667,1.6242543859649123,7.934210526315789,7.728070175438597,7.855263157894737,0.0
L-R03,local,qwen3-coder-480b,1,1,0,1,lenient,0.0,1,0,570,570,29.419736842105262,4.030805250509266,4.132938596491228,3.8292412280701758,4.4403607456140355,3.384605263157895,0.0,0.8449422767682971,graded,0,1.7524561403508772,1.2925438596491228,1.7196929824561402,9.982894736842105,9.590789473684211,9.846052631578948,0.0
L-R04,local,qwen3-coder-480b,1,1,0,1,rigorous,0.0,1,0,570,570,25.803947368421053,5.358669636992015,3.061359649122807,2.8831929824561406,3.2571940789473683,-0.2311842105263158,0.0,0.8617038413544175,graded,0,1.6183333333333334,1.0640350877192983,1.5236403508771927,8.835087719298246,8.471929824561403,8.496929824561404,0.0
L-R05,local,qwen3-coder-480b,1,1,0,1,exacting,0.0,1,0,570,570,24.475,5.750155686743849,3.325131578947369,3.142233552631579,3.5181184210526317,-1.5601315789473686,0.0,0.8625363090077287,graded,0,1.629561403508772,1.2683333333333333,1.5758333333333332,8.41359649122807,7.8921052631578945,8.169298245614035,0.0
L-S01,local,deepseek-coder-v2-lite,1,1,0,1,neutral,0.0,1,0,570,570,22.593859649122805,2.461916791052585,5.976710526315789,5.690220394736842,6.2904210526315785,-3.4412719298245613,0.0,0.6306116515741644,graded,0,2.5179824561403508,2.427982456140351,2.4918859649122806,7.757894736842105,6.778947368421052,8.057017543859649,0.0
L-S02,local,deepseek-coder-v2-lite,1,1,0,1,strict,0.0,1,0,570,570,14.169298245614035,2.6216996054586983,12.087236842105265,11.656970394736842,12.517025219298244,-11.865833333333333,0.0,0.6671161248021077,collapse,0,3.8431578947368426,4.905964912280702,3.9051315789473686,5.129824561403509,3.8947368421052633,5.144736842105263,0.0
L-S03,local,deepseek-coder-v2-lite,1,1,0,1,lenient,0.0,1,0,570,570,22.724561403508773,2.3624761890918915,5.924254385964912,5.624959429824561,6.22369298245614,-3.3105701754385963,0.0,0.6457355302877147,graded,0,2.6289473684210525,2.1794736842105262,2.4696052631578946,7.502631578947368,7.13859649122807,8.083333333333334,0.0
L-S04,local,deepseek-coder-v2-lite,1,1,0,1,rigorous,0.0,1,0,570,570,20.724561403508773,2.234792835238622,7.012149122807018,6.7026644736842105,7.338298245614035,-5.310570175438595,0.0,0.6763517042241605,graded,0,2.6405263157894736,2.772719298245614,2.779517543859649,7.116666666666666,6.364035087719298,7.243859649122807,0.0
L-S05,local,deepseek-coder-v2-lite,1,1,0,1,exacting,0.0,1,0,570,570,21.207894736842107,2.2944934746572403,6.690043859649123,6.388933114035088,7.0090888157894735,-4.827236842105263,0.0,0.6667297644674458,graded,0,2.7137719298245613,2.4655263157894733,2.7860964912280703,7.087719298245614,6.683333333333334,7.436842105263158,0.0
L-U01,local,llama-3.1-8b,1,1,0,1,neutral,0.0,1,0,570,570,20.88859649122807,1.770027690941924,7.314780701754386,6.96646600877193,7.6768453947368425,-5.146535087719298,0.0,0.449982360723171,graded,0,2.4711403508771927,3.2020175438596494,3.448201754385965,8.546491228070176,6.007017543859649,6.3350877192982455,0.0
L-U02,local,llama-3.1-8b,1,1,0,1,strict,0.0,1,0,570,570,0.0,0.0,26.03513157894737,25.447996710526315,26.613326754385962,-26.03513157894737,1.0,,refusal,570,8.792894736842106,8.70719298245614,8.540745614035089,0.0,0.0,0.0,0.0
L-U03,local,llama-3.1-8b,1,1,0,1,lenient,0.0,1,0,570,570,31.398245614035087,2.238463195835657,6.49390350877193,6.057286184210526,6.964707236842106,5.36311403508772,0.0,0.3388639103302632,graded,0,2.9632456140350882,1.6624561403508775,2.791798245614035,11.570175438596491,9.43421052631579,10.393859649122806,0.0
L-U04,local,llama-3.1-8b,1,1,0,1,rigorous,0.0,1,0,570,570,16.602631578947367,1.4929512489327792,10.312763157894736,9.875660087719298,10.744530701754384,-9.4325,0.0,0.38451369201618346,collapse,0,3.345,4.387105263157895,3.8253947368421053,6.160526315789474,4.515789473684211,5.926315789473684,0.0
L-U05,local,llama-3.1-8b,1,1,0,1,exacting,0.0,1,0,570,570,21.535087719298247,2.0713538043515083,6.894254385964912,6.574961622807018,7.226799342105265,-4.500043859649122,0.0,0.48388208943918753,graded,0,2.4543859649122806,3.2562280701754385,3.102938596491228,8.878947368421052,5.898245614035088,6.757894736842105,0.0
L-V01,local,llama-3.3-70b,1,1,0,1,neutral,0.0,1,0,570,570,22.435087719298245,4.9113580648839825,4.518026315789474,4.312353070175438,4.729463815789473,-3.600043859649122,0.005263157894736842,0.8744543344290733,graded,3,1.857719298245614,1.6559649122807016,1.9998684210526314,7.71140350877193,7.3692982456140355,7.3543859649122805,0.0
L-V02,local,llama-3.3-70b,1,1,0,1,strict,0.0,1,0,570,570,12.51842105263158,7.598221114881302,13.524605263157895,13.108539473684209,13.928434210526316,-13.516710526315789,0.13508771929824562,0.7753007322693372,collapse,77,5.536315789473684,3.9530701754385964,4.153464912280702,3.2771929824561403,4.779824561403509,4.46140350877193,0.0
L-V03,local,llama-3.3-70b,1,1,0,1,lenient,0.0,1,0,570,570,27.851754385964913,3.809322402050832,3.98890350877193,3.724516447368421,4.2789188596491226,1.8166228070175436,0.0017543859649122807,0.7965579297452509,graded,1,1.8960526315789474,1.309122807017544,1.7653070175438597,9.614912280701754,8.913157894736843,9.323684210526316,0.0
L-V04,local,llama-3.3-70b,1,1,0,1,rigorous,0.0,1,0,570,570,22.142105263157895,4.982127895992684,4.6886403508771926,4.474251096491227,4.9068125,-3.893026315789473,0.0035087719298245615,0.8744300747941999,graded,2,1.9389473684210528,1.6376315789473685,2.0339035087719295,7.489473684210527,7.331578947368421,7.321052631578947,0.0
L-V05,local,llama-3.3-70b,1,1,0,1,exacting,0.0,1,0,570,570,19.471929824561403,5.817380611848941,6.740394736842105,6.460700657894737,7.006202850877193,-6.563201754385965,0.014035087719298246,0.872169732000491,graded,8,2.416491228070176,2.531315789473684,2.455657894736842,6.673684210526316,6.245614035087719,6.552631578947368,0.0
L-W01,local,glm-4-9b,1,1,0,1,neutral,0.0,1,0,570,570,27.7140350877193,5.000507482031479,4.307412280701755,4.015700657894736,4.632426535087719,1.6789035087719297,0.0017543859649122807,0.6707815461231098,graded,1,2.4099122807017546,1.5101754385964912,2.1451315789473684,9.79298245614035,9.39298245614035,8.528070175438597,0.0
L-W02,local,glm-4-9b,1,1,0,1,strict,0.0,1,0,570,570,0.5596491228070175,2.4193391630013177,25.47548245614035,24.877605263157896,26.03972697368421,-25.47548245614035,0.9491228070175438,0.18720042925591096,near-refusal,541,8.792894736842106,8.20719298245614,8.540745614035089,0.0,0.5596491228070175,0.0,0.0
L-W03,local,glm-4-9b,1,1,0,1,lenient,0.0,1,0,570,570,32.43157894736842,1.8601507861416569,6.935482456140351,6.431799342105263,7.464361842105264,6.396447368421052,0.0,0.2784875368877086,graded,0,2.6260526315789474,1.975526315789474,2.9088157894736844,10.867543859649123,10.432456140350878,11.131578947368421,0.0
L-W04,local,glm-4-9b,1,1,0,1,rigorous,0.0,1,0,570,570,27.731578947368423,6.692916747214532,4.534342105263158,4.213396929824562,4.8665625,1.6964473684210526,0.0035087719298245615,0.6642709445904404,graded,2,2.3213157894736844,1.6831578947368422,2.5700438596491226,9.505263157894737,9.757894736842106,8.468421052631578,0.0
L-W05,local,glm-4-9b,1,1,0,1,exacting,0.0,1,0,570,570,29.83421052631579,6.362660585567155,5.183728070175438,4.800767543859649,5.568083333333333,3.7990789473684217,0.005263157894736842,0.6410364775258114,graded,3,2.4128070175438596,2.0117543859649123,2.5841666666666665,10.071052631578947,10.350877192982455,9.412280701754385,0.0
L-X01,local,glm-4-32b,1,1,0,1,neutral,0.0,1,0,570,570,26.535087719298247,6.207993917592724,2.845043859649123,2.6555054824561406,3.053161184210526,0.4999561403508772,0.0035087719298245615,0.8638719102702183,graded,2,1.4982456140350877,1.2921052631578946,1.318464912280702,9.057894736842105,8.589473684210526,8.887719298245614,0.0
L-X02,local,glm-4-32b,1,1,0,1,strict,0.0,1,0,570,570,16.602631578947367,9.947378778174192,9.658640350877194,9.15453947368421,10.190503289473686,-9.4325,0.0912280701754386,0.7682915565852714,collapse,52,4.814736842105264,3.7907894736842107,2.302763157894737,4.102631578947369,5.771929824561403,6.728070175438597,0.0
L-X03,local,glm-4-32b,1,1,0,1,lenient,0.0,1,0,570,570,31.0359649122807,4.122042577115627,5.329254385964912,4.986661184210527,5.691998903508772,5.000833333333334,0.0,0.7822255683154987,graded,0,2.159035087719298,1.4921052631578948,2.1074122807017543,10.541228070175439,9.994736842105263,10.5,0.0
L-X04,local,glm-4-32b,1,1,0,1,rigorous,0.0,1,0,570,570,26.06140350877193,6.343817947120575,2.737149122807018,2.560934210526316,2.9290526315789474,0.02627192982456142,0.0035087719298245615,0.8749621979245412,graded,2,1.4596491228070176,1.2330701754385964,1.3272368421052634,8.819298245614036,8.591228070175438,8.650877192982456,0.0
L-X05,local,glm-4-32b,1,1,0,1,exacting,0.0,1,0,570,570,23.696491228070176,7.45641913125242,3.7217105263157895,3.4860515350877193,3.961382675438596,-2.3386403508771934,0.010526315789473684,0.8425016667177887,graded,6,1.7662280701754387,1.968859649122807,1.3425877192982458,8.03859649122807,7.333333333333333,8.324561403508772,0.0
L-Y01,local,gemma-3-27b,1,1,0,1,neutral,0.0,1,0,570,570,24.516228070175437,3.6755587049094025,4.321622807017544,4.115566885964912,4.546758771929824,-1.5189035087719296,0.0,0.8140960679589342,graded,0,1.9757017543859652,1.57859649122807,2.0353947368421053,8.833771929824561,7.610526315789474,8.071929824561403,0.0
L-Y02,local,gemma-3-27b,1,1,0,1,strict,0.0,1,0,570,570,14.539473684210526,4.081116624592366,11.547412280701753,11.156634868421053,11.91911403508772,-11.49565789473684,0.0,0.7916289309342687,collapse,0,3.399385964912281,4.3653508771929825,4.157149122807017,5.5320175438596495,4.362719298245614,4.644736842105263,0.0
L-Y03,local,gemma-3-27b,1,1,0,1,lenient,0.0,1,0,570,570,28.32236842105263,3.0415480584103296,4.548552631578947,4.253411184210526,4.862243421052632,2.287236842105263,0.0,0.7623967052224255,graded,0,2.1590350877192983,1.3555263157894737,2.072061403508772,10.083333333333334,8.732456140350877,9.506578947368421,0.0
L-Y04,local,gemma-3-27b,1,1,0,1,rigorous,0.0,1,0,570,570,22.54561403508772,4.202594402291487,4.878377192982456,4.646646929824562,5.13127302631579,-3.489517543859649,0.0,0.819808879830287,graded,0,2.0012280701754386,1.9703508771929823,2.185394736842105,8.12061403508772,6.971929824561403,7.453070175438596,0.0
L-Y05,local,gemma-3-27b,1,1,0,1,exacting,0.0,1,0,570,570,21.401754385964914,4.451086091195869,5.466359649122807,5.214358552631579,5.728680921052631,-4.633377192982455,0.0,0.8328164699102802,graded,0,1.9757894736842105,2.3910526315789475,2.349342105263158,7.975877192982456,6.454824561403509,6.971052631578948,0.0
L-Z01,local,mistral-small-24b,1,1,0,1,neutral,0.0,1,0,570,570,23.628070175438598,5.348841649347487,3.6599561403508774,3.46315350877193,3.869055921052632,-2.4070614035087723,0.0017543859649122807,0.8714838432355764,graded,1,1.4857017543859647,1.9134210526315791,1.6078508771929825,8.635087719298246,6.981578947368421,8.011403508771929,0.0
L-Z02,local,mistral-small-24b,1,1,0,1,strict,0.0,1,0,570,570,0.0043859649122807015,0.086313230689885,26.03074561403509,25.440973684210526,26.607396929824564,-26.03074561403509,0.9964912280701754,-0.007023793109947932,refusal,568,8.792894736842106,8.70719298245614,8.536359649122808,0.0,0.0,0.0043859649122807015,0.0
L-Z03,local,mistral-small-24b,1,1,0,1,lenient,0.0,1,0,570,570,29.601754385964913,3.3392268991537093,4.762587719298246,4.438429824561404,5.1236875,3.566622807017544,0.0,0.7547005974667732,graded,0,2.3003508771929826,1.3236842105263158,2.0098684210526314,10.442105263157895,9.095614035087719,10.064035087719299,0.0
L-Z04,local,mistral-small-24b,1,1,0,1,rigorous,0.0,1,0,570,570,20.149122807017545,5.61151912200223,6.150657894736842,5.870565789473684,6.410440789473684,-5.8860087719298235,0.0035087719298245615,0.8603158395171452,graded,2,2.0786842105263155,2.8966666666666665,1.980219298245614,7.13859649122807,5.862280701754386,7.148245614035088,0.0
L-Z05,local,mistral-small-24b,1,1,0,1,exacting,0.0,1,0,569,569,19.115992970123024,6.308786135778637,7.040377855887523,6.749761643233743,7.325096660808437,-6.934578207381371,0.007029876977152899,0.8643737072687179,graded,4,2.016432337434095,3.4901754385964914,2.260921052631579,7.231107205623902,5.237719298245614,6.6456140350877195,0.0
M01,gemini,3-flash-preview,1,1,0,1,strict,0.0,1,0,99,99,23.033333333333335,8.518586371899403,4.225757575757576,3.5982007575757575,4.875037878787879,-4.162121212121211,0.0,0.9262717387791085,graded,0,1.3860000000000001,1.08425,2.157070707070707,8.00925,8.23625,6.842171717171717,0.0
M02,gemini,3-flash-preview,1,1,0,1,lenient,0.0,1,0,100,100,29.15375,5.290006748721135,2.1797500000000003,1.7469062499999999,2.6480625,1.8977500000000003,0.0,0.9452629486842422,graded,0,0.63875,0.6695,1.2985000000000002,9.47,9.53,10.15375,0.0
N01,anthropic,claude-opus-5,1,1,0,1,neutral,0.0,1,0,570,570,22.793201754385965,7.935961484157326,3.5380701754385964,3.3108760964912283,3.7661853070175444,-3.2419298245614034,0.005263157894736842,0.9238409162725754,graded,3,1.6564035087719298,0.8712719298245614,1.575482456140351,7.374561403508772,8.14451754385965,7.274122807017544,0.0
N02,anthropic,claude-opus-5,1,1,0,1,strict,0.0,1,0,570,570,21.01359649122807,8.467056716042276,5.168114035087719,4.898518640350877,5.447859649122807,-5.021535087719298,0.007017543859649123,0.9118254209000166,graded,4,2.1389473684210523,1.2489473684210526,2.111359649122807,6.81140350877193,7.60219298245614,6.6,0.0
O01,openai,gpt-5.5,1,1,0,1,neutral,0.0,1,0,570,570,24.38311403508772,6.819152457733013,2.4307894736842104,2.2783903508771925,2.591856359649123,-1.6520175438596494,0.0035087719298245615,0.931643817279652,graded,2,1.0592105263157894,0.7362719298245615,1.4281140350877195,8.599561403508773,8.297587719298246,7.485964912280702,0.0
O02,openai,gpt-5.5,1,1,0,1,strict,0.0,1,0,570,570,21.787280701754387,7.7838235535392375,4.425043859649122,4.188445175438597,4.676115131578947,-4.247850877192982,0.0035087719298245615,0.9123589295240548,graded,2,1.2570175438596491,1.119298245614035,2.5973245614035085,7.996052631578947,7.7631578947368425,6.028070175438597,0.0
O03,openai,gpt-5.5,1,1,0,1,lenient,0.0,1,0,570,570,27.166447368421053,5.476499390376686,2.2514912280701753,2.075652412280702,2.435962719298245,1.131315789473684,0.0017543859649122807,0.9333343196680581,graded,1,1.175701754385965,0.6723245614035088,1.026798245614035,9.455263157894738,8.89890350877193,8.812280701754386,0.0
O11,openai,gpt-5.4,1,1,0,1,neutral,0.0,1,0,570,570,21.582456140350878,6.506190382161754,4.694429824561404,4.4632335526315785,4.924281798245613,-4.452675438596491,0.0,0.9072357302552488,graded,0,1.5226754385964911,1.552938596491228,2.1552192982456138,7.6133771929824565,7.2616228070175435,6.707456140350877,0.0
O12,openai,gpt-5.4,1,1,0,1,strict,0.0,1,0,570,570,19.230043859649122,6.610388336638484,6.897631578947368,6.630473684210527,7.154756578947368,-6.805087719298245,0.0035087719298245615,0.8912034916024287,graded,2,2.001184210526316,2.1323684210526315,3.0753947368421053,6.971271929824561,6.6421052631578945,5.616666666666666,0.0
O13,openai,gpt-5.4,1,1,0,1,lenient,0.0,1,0,570,570,27.03640350877193,4.927326803924883,2.6889035087719297,2.506524122807017,2.8870932017543858,1.0012719298245611,0.0,0.9178767233078502,graded,0,1.2525,0.8879385964912281,1.309078947368421,9.361622807017543,8.815570175438596,8.85921052631579,0.0
P01,gemini,flash-lite,1,1,0,1,rigorous,0.0,1,0,570,570,23.022807017543858,6.544790051393733,3.924254385964912,3.7010120614035094,4.159242324561403,-3.0123245614035086,0.005263157894736842,0.8567719544546315,graded,3,1.5768421052631578,2.680263157894737,1.4196929824561402,8.304385964912282,6.114035087719298,8.60438596491228,0.0
P02,gemini,flash-lite,1,1,0,1,exacting,0.0,1,0,557,557,21.964093357271096,6.924344743061624,4.581059245960503,4.347246409335726,4.8515047127468565,-4.050538599640934,0.005385996409335727,0.8580988768925826,graded,3,1.9818705673758867,2.796714031971581,1.348201754385965,7.3572695035460995,5.960035523978686,8.641228070175439,0.0
